,lookup_Series,lookup_Armor,Lv1SlotNum,Lv2SlotNum,Lv3SlotNum,Lv4SlotNum,SkillLookUp[0],SkillLV[0],SkillLookUp[1],SkillLV[1],SkillLookUp[2],SkillLV[2],SkillLookUp[3],SkillLV[3],SkillLookUp[4],SkillLV[4]
1,Kamura Legacy,Kamura Legacy Head Scarf,0,1,0,0,Divine Blessing,2,Resuscitate,1,,0,,0,,0
2,Kamura Legacy,,2,0,0,0,Wirebug Whisperer,2,Wall Runner,1,Critical Eye,1,,0,,0
3,Kamura Legacy,Kamura Legacy Braces,1,0,0,0,Critical Eye,2,Heroics,1,Divine Blessing,1,,0,,0
4,Kamura Legacy,Kamura Legacy Obi,1,0,0,1,Wirebug Whisperer,1,Critical Eye,1,,0,,0,,0
5,Kamura Legacy,Kamura Legacy Leggings,0,1,0,0,Wall Runner,2,Resuscitate,1,Affinity Sliding,1,,0,,0
1,Leather X,Leather Headgear X,1,0,0,1,Geologist,1,Hunger Resistance,1,Carving Pro,1,,0,,0
2,Leather X,Leather Vest X,0,0,0,1,Botanist,2,Recovery Up,1,,0,,0,,0
3,Leather X,Leather Gloves X,1,0,0,1,Geologist,1,Special Ammo Boost,1,,1,,0,,0
4,Leather X,Leather Belt X,1,1,0,0,Recovery Up,2,Hunger Resistance,2,,2,,0,,0
5,Leather X,Leather Trousers X,1,0,0,1,Geologist,1,Botanist,2,,3,,0,,0
1,Chainmail X,Chainmail Headgear X,0,0,0,1,Stamina Surge,1,Defense Boost,2,,0,,0,,0
2,Chainmail X,Chainmail Vest X,0,0,0,1,Defense Boost,1,Flinch Free,2,Guard,1,,0,,0
3,Chainmail X,Chainmail Gloves X,1,0,0,1,Stamina Surge,1,Defense Boost,2,,0,,0,,0
4,Chainmail X,Chainmail Belt X,3,0,0,0,Guard,2,Flinch Free,1,Defense Boost,2,,0,,0
5,Chainmail X,Chainmail Pants X,3,0,0,0,Stamina Surge,1,Guard,2,,0,,0,,0
1,Hunter X,Hunter's Helm X,0,1,0,0,Item Prolonger,1,Attack Boost,2,,0,,0,,0
2,Hunter X,Hunter's Mail X,1,0,0,0,Attack Boost,1,Handicraft,1,Item Prolonger,1,,1,,0
3,Hunter X,Hunter's Vambraces X,0,1,0,0,Quick Sheathe,1,Handicraft,1,Ammo Up,1,,2,,0
4,Hunter X,Hunter's Coil X,2,0,0,0,Stun Resistance,2,Handicraft,1,Item Prolonger,1,,3,,0
5,Hunter X,Hunter's Greaves X,0,1,0,0,Stun Resistance,1,Attack Boost,2,Quick Sheathe,1,,4,,0
1,Alloy X,Alloy Helm X,0,0,0,1,Water Attack,1,Protective Polish,1,Speed Sharpening,1,,0,,0
2,Alloy X,Alloy Mail X,0,0,1,0,Speed Sharpening,2,Protective Polish,2,,0,,0,,0
3,Alloy X,Alloy Vambraces X,1,1,0,0,Water Attack,1,Critical Eye,2,,0,,0,,0
4,Alloy X,Alloy Coil X,1,0,1,0,Water Attack,3,Critical Eye,1,,0,,0,,0
5,Alloy X,Alloy Greaves X,0,0,0,1,Critical Eye,2,,0,,0,,0,,0
1,Bone X,Bone Helm X,0,0,0,1,Stamina Thief,1,Partbreaker,1,,0,,0,,0
2,Bone X,Bone Mail X,0,0,1,0,Stamina Thief,1,Marathon Runner,2,,0,,0,,0
3,Bone X,Bone Vambraces X,2,0,0,0,Punishing Draw,2,Stamina Thief,1,Marathon Runner,1,,0,,0
4,Bone X,Bone Coil X,1,1,0,0,Focus,1,Partbreaker,2,,0,,0,,0
5,Bone X,Bone Greaves X,0,1,0,0,Muck Resistance,2,Focus,1,Punishing Draw,1,,0,,0
1,Gargwa Mask X,Gargwa Mask X,0,0,0,1,Leap of Faith,1,Good Luck,2,,0,,0,,0
0,,,0,0,0,0,,0,,0,,0,,0,,0
0,,,0,0,0,0,,0,,0,,0,,0,,0
0,,,0,0,0,0,,0,,0,,0,,0,,0
0,,,0,0,0,0,,0,,0,,0,,0,,0
1,Rhenoplos X,Rhenoplos Helm X,0,1,0,0,Pierce Up,2,Stun Resistance,1,Muck Resistance,1,,0,,0
2,Rhenoplos X,Rhenoplos Mail X,1,0,0,1,Artillery,1,Stun Resistance,2,,0,,0,,0
3,Rhenoplos X,Rhenoplos Braces X,0,2,0,0,Artillery,2,Load Shells,1,Special Ammo Boost,1,,0,,0
4,Rhenoplos X,Rhenoplos Coil X,0,0,0,1,Tremor Resistance,2,Load Shells,1,Special Ammo Boost,1,,0,,0
5,Rhenoplos X,Rhenoplos Greaves X,0,0,0,1,Pierce Up,1,Tremor Resistance,1,,0,,0,,0
1,Bullfango Mask X,Bullfango Mask X,0,0,1,0,Diversion,1,Agitator,3,,0,,0,,0
0,,,0,0,0,0,,0,,0,,0,,0,,0
0,,,0,0,0,0,,0,,0,,0,,0,,0
0,,,0,0,0,0,,0,,0,,0,,0,,0
0,,,0,0,0,0,,0,,0,,0,,0,,0
0,,,0,0,0,0,,0,,0,,0,,0,,0
2,Droth X,Droth Mail X,0,1,0,1,Water Attack,2,,0,,0,,0,,0
0,,,0,0,0,0,,0,,0,,0,,0,,0
4,Droth X,Droth Coil X,1,0,0,1,Diversion,1,Resentment,1,,0,,0,,0
5,Droth X,Droth Greaves X,1,0,0,1,Water Attack,3,,0,,0,,0,,0
1,Bnahabra X,Bnahabra Hat X,1,0,0,1,Poison Attack,1,Recoil Down,2,,0,,0,,0
2,Bnahabra X,Bnahabra Suit X,1,0,1,0,Paralysis Attack,1,Evade Window,2,,0,,0,,0
3,Bnahabra X,Bnahabra Gloves X,0,0,0,1,Poison Attack,2,Evade Window,2,,0,,0,,0
4,Bnahabra X,Bnahabra Coil X,1,0,1,0,Paralysis Attack,2,Evade Window,1,,0,,0,,0
5,Bnahabra X,Bnahabra Boots X,1,0,0,1,Recoil Down,1,Steadiness,2,,0,,0,,0
1,Hornetaur,Hornetaur Helm,0,0,1,0,Resuscitate,2,Recovery Up,1,,0,,0,,0
2,Hornetaur,Hornetaur Mail,0,0,0,1,Dragon Attack,2,Recovery Up,1,,0,,0,,0
3,Hornetaur,Hornetaur Braces,0,1,0,1,Dragon Attack,1,Steadiness,2,,0,,0,,0
4,Hornetaur,Hornetaur Tassets,0,0,0,1,Dragon Attack,2,Dragon Resistance,3,,0,,0,,0
5,Hornetaur,Hornetaur Greaves,0,2,0,0,Resuscitate,1,Steadiness,1,Recovery Up,1,,0,,0
1,Vespoid,Vespoid Helm,0,0,0,1,Paralysis Attack,1,Wirebug Whisperer,2,,0,,0,,0
2,Vespoid,Vespoid Mail,1,0,0,1,Quick Sheathe,1,Paralysis Resistance,2,,0,,0,,0
3,Vespoid,Vespoid Vambraces,0,0,1,0,Paralysis Attack,2,Master Mounter,1,,0,,0,,0
4,Vespoid,Vespoid Tassets,1,0,0,1,Quick Sheathe,1,Paralysis Resistance,1,,0,,0,,0
5,Vespoid,Vespoid Greaves,0,0,0,1,Quick Sheathe,1,Wirebug Whisperer,1,,0,,0,,0
0,,,0,0,0,0,,0,,0,,0,,0,,0
0,,,0,0,0,0,,0,,0,,0,,0,,0
3,Jaggi X,Jaggi Gauntlets X,2,0,0,0,Attack Boost,3,,0,,0,,0,,0
0,,,0,0,0,0,,0,,0,,0,,0,,0
5,Jaggi X,Jaggi Shinguards X,1,1,0,0,Master Mounter,1,Wall Runner,2,,0,,0,,0
1,Jaggi Mask X,Jaggi Mask X,1,0,1,0,Affinity Sliding,1,Marathon Runner,2,,0,,0,,0
0,,,0,0,0,0,,0,,0,,0,,0,,0
0,,,0,0,0,0,,0,,0,,0,,0,,0
0,,,0,0,0,0,,0,,0,,0,,0,,0
0,,,0,0,0,0,,0,,0,,0,,0,,0
1,Velociprey,Velociprey Helm,1,0,0,1,Attack Boost,1,Stun Resistance,1,,0,,0,,0
2,Velociprey,Velociprey Mail,1,0,0,1,Attack Boost,1,Windproof,1,,0,,0,,0
3,Velociprey,Velociprey Braces,1,0,1,0,Attack Boost,2,,0,,0,,0,,0
4,Velociprey,Velociprey Tassets,0,0,0,1,Attack Boost,1,Capture Master,1,,0,,0,,0
5,Velociprey,Velociprey Greaves,0,1,1,0,Windproof,2,Stun Resistance,2,,0,,0,,0
1,Izuchi X,Izuchi Helm X,2,0,0,0,Critical Eye,1,Evade Window,2,,0,,0,,0
2,Izuchi X,Izuchi Mail X,1,0,0,0,Critical Eye,2,Recovery Speed,2,Evade Window,1,,0,,0
3,Izuchi X,Izuchi Braces X,2,0,0,0,Constitution,2,Evade Window,1,,0,,0,,0
4,Izuchi X,Izuchi Coil X,2,0,0,0,Critical Eye,2,Constitution,1,,0,,0,,0
5,Izuchi X,Izuchi Greaves X,2,0,0,0,Recovery Speed,1,Constitution,2,Evade Window,1,,0,,0
1,Baggi X,Baggi Helm X,1,0,0,1,Sleep Attack,1,Ice Resistance,1,,0,,0,,0
2,Baggi X,Baggi Mail X,0,0,0,1,Attack Boost,1,Sleep Attack,1,,0,,0,,0
3,Baggi X,Baggi Vambraces X,1,0,0,1,Sleep Resistance,2,Sleep Attack,1,,0,,0,,0
4,Baggi X,Baggi Coil X,0,0,1,0,Attack Boost,2,Sleep Resistance,1,,0,,0,,0
5,Baggi X,Baggi Greaves X,1,1,0,0,Attack Boost,2,Ice Resistance,2,,0,,0,,0
1,Kulu-Ya-Ku X,Kulu-Ya-Ku Helm X,2,0,0,0,Maximum Might,2,Quick Sheathe,1,Stun Resistance,1,,0,,0
2,Kulu-Ya-Ku X,Kulu-Ya-Ku Mail X,1,1,0,0,Slugger,2,Quick Sheathe,1,,0,,0,,0
3,Kulu-Ya-Ku X,Kulu-Ya-Ku Braces X,1,1,0,0,Slugger,1,Stamina Thief,2,Quick Sheathe,1,,0,,0
4,Kulu-Ya-Ku X,Kulu-Ya-Ku Coil X,1,0,0,1,Stamina Thief,1,Maximum Might,1,,0,,0,,0
5,Kulu-Ya-Ku X,Kulu-Ya-Ku Greaves X,0,0,1,0,Stun Resistance,2,Critical Eye,2,,0,,0,,0
1,Wroggi X,Wroggi Helm X,1,0,0,0,Rapid Fire Up,2,Evade Extender,1,,0,,0,,0
2,Wroggi X,Wroggi Mail X,0,0,0,1,Rapid Fire Up,1,Poison Attack,1,Poison Resistance,1,,0,,0
3,Wroggi X,Wroggi Vambraces X,0,0,0,1,Ammo Up,1,Poison Resistance,2,Mind's Eye,2,,0,,0
4,Wroggi X,Wroggi Coil X,1,0,0,0,Ammo Up,2,Poison Attack,2,,0,,0,,0
5,Wroggi X,Wroggi Greaves X,0,0,0,1,Evade Extender,2,,0,,0,,0,,0
1,Arzuros X,Arzuros Helm X,3,0,0,0,Fortify,1,Defense Boost,3,Speed Eating,1,,0,,0
2,Arzuros X,Arzuros Mail X,0,0,0,1,Counterstrike,1,Resentment,1,,0,,0,,0
3,Arzuros X,Arzuros Vambraces X,2,0,0,0,Counterstrike,1,Defense Boost,1,Resentment,2,,0,,0
4,Arzuros X,Arzuros Coil X,1,1,0,0,Counterstrike,1,Defense Boost,3,Speed Eating,1,,0,,0
5,Arzuros X,Arzuros Greaves X,1,1,1,0,Speed Eating,1,,0,,0,,0,,0
1,Lagombi X,Lagombi Helm X,0,0,1,0,Critical Eye,1,Ice Attack,2,Master's Touch,1,Reload Speed,1,,0
2,Lagombi X,Lagombi Mail X,2,0,0,0,Affinity Sliding,1,Constitution,2,Master's Touch,1,Reload Speed,1,,0
3,Lagombi X,Lagombi Vambraces X,1,1,0,0,Critical Eye,2,Ice Attack,3,,0,,0,,0
4,Lagombi X,Lagombi Coil X,0,1,0,0,Constitution,3,,0,,0,,0,,0
5,Lagombi X,Lagombi Greaves X,0,0,1,0,Jump Master,1,Critical Eye,1,Master's Touch,1,Reload Speed,1,,0
1,Volvidon X,Volvidon Helm X,3,0,0,0,Paralysis Attack,2,Earplugs,1,,0,,0,,0
2,Volvidon X,Volvidon Mail X,0,1,0,0,Rapid Morph,1,Jump Master,1,Earplugs,1,,0,,0
3,Volvidon X,Volvidon Vambraces X,3,0,0,0,Evade Extender,1,Paralysis Attack,1,Earplugs,1,,0,,0
4,Volvidon X,Volvidon Coil X,0,1,0,0,Earplugs,2,,0,,0,,0,,0
5,Volvidon X,Volvidon Greaves X,1,0,0,0,Rapid Morph,2,Evade Extender,2,,0,,0,,0
1,Aknosom X,Aknosom Helm X,0,1,0,0,Quick Sheathe,1,Fire Attack,1,Critical Draw,1,,0,,0
2,Aknosom X,Aknosom Mail X,2,0,0,0,Quick Sheathe,1,Peak Performance,1,Critical Draw,1,,0,,0
3,Aknosom X,Aknosom Braces X,2,1,0,0,Peak Performance,1,Fire Attack,2,Critical Element,1,,0,,0
4,Aknosom X,Aknosom Coil X,1,0,0,1,Quick Sheathe,1,Critical Element,1,,0,,0,,0
5,Aknosom X,Aknosom Greaves X,2,0,0,0,Peak Performance,1,Fire Attack,2,Critical Draw,1,,0,,0
1,Royal Ludroth X,Ludroth Helm X,1,1,0,0,Marathon Runner,1,Peak Performance,1,Focus,1,,0,,0
2,Royal Ludroth X,Ludroth Mail X,0,0,0,1,Stamina Surge,2,Focus,1,,0,,0,,0
3,Royal Ludroth X,Ludroth Braces X,1,2,0,0,Marathon Runner,1,Power Prolonger,1,Spare Shot,1,,0,,0
4,Royal Ludroth X,Ludroth Coil X,0,1,0,0,Marathon Runner,1,Peak Performance,2,,0,,0,,0
5,Royal Ludroth X,Ludroth Greaves X,0,0,1,0,Power Prolonger,2,Focus,1,,0,,0,,0
1,Barroth X,Barroth Helm X,1,0,0,1,Attack Boost,1,Defense Boost,1,Offensive Guard,1,Spread Up,1,,0
2,Barroth X,Barroth Mail X,0,0,0,1,Attack Boost,2,Defense Boost,2,Muck Resistance,2,,0,,0
3,Barroth X,Barroth Vambraces X,1,1,0,0,Attack Boost,2,Affinity Sliding,1,Offensive Guard,1,Spread Up,1,,0
4,Barroth X,Barroth Coil X,0,0,1,0,Guard,3,Defense Boost,1,,0,,0,,0
5,Barroth X,Barroth Greaves X,1,1,0,0,Guard,2,Defense Boost,1,Offensive Guard,1,,0,,0
1,Hermitaur,Hermitaur Helm,1,0,0,0,Quick Sheathe,2,Tremor Resistance,2,,0,,0,,0
2,Hermitaur,Hermitaur Mail,1,0,0,0,Guard,3,Load Shells,1,Normal/Rapid Up,1,Ammo Up,1,,0
3,Hermitaur,Hermitaur Braces,0,1,0,0,Guard,2,Guard Up,1,Normal/Rapid Up,2,,0,,0
4,Hermitaur,Hermitaur Coil,0,2,0,0,Tune-Up,1,Handicraft,1,Quick Sheathe,1,,0,,0
5,Hermitaur,Hermitaur Greaves,0,0,0,1,Tune-Up,1,Handicraft,1,Tremor Resistance,1,,0,,0
1,Tetranadon X,Tetranadon Helm X,1,0,0,0,Normal/Rapid Up,2,Speed Eating,1,,0,,0,,0
2,Tetranadon X,Tetranadon Mail X,0,1,0,0,Normal/Rapid Up,1,Evade Extender,1,Speed Eating,1,,0,,0
3,Tetranadon X,Tetranadon Braces X,2,0,0,0,Heroics,2,Special Ammo Boost,2,Hunger Resistance,1,,0,,0
4,Tetranadon X,Tetranadon Coil X,0,1,0,0,Heroics,2,Evade Extender,2,,0,,0,,0
5,Tetranadon X,Tetranadon Greaves x,0,0,0,1,Hunger Resistance,2,Heroics,1,Speed Eating,1,,0,,0
1,Ingot X,Ingot Helm X,1,0,0,1,Windproof,1,Attack Boost,2,,0,,0,,0
2,Ingot X,Ingot Mail X,1,0,1,0,Windproof,2,Critical Eye,2,,0,,0,,0
3,Ingot X,Ingot Vambraces X,0,1,0,1,Thunder Attack,3,,0,,0,,0,,0
4,Ingot X,Ingot Coil X,0,0,1,0,Power Prolonger,2,Attack Boost,1,,0,,0,,0
5,Ingot X,Ingot Greaves X,2,0,0,0,Attack Boost,2,Critical Eye,2,,0,,0,,0
1,Skalda X,Skalda Vertex X,0,0,0,1,Poison Attack,3,Latent Power,1,,0,,0,,0
2,Skalda X,Skalda Thorax X,0,0,1,0,Latent Power,2,Mind's Eye,1,,0,,0,,0
3,Skalda X,Skalda Brachia X,2,0,0,1,Latent Power,1,Poison Resistance,1,,0,,0,,0
4,Skalda X,Skalda Elytra X,1,0,0,0,Weakness Exploit,2,Poison Resistance,1,,0,,0,,0
5,Skalda X,Skalda Crura X,0,1,0,0,Latent Power,1,Poison Resistance,1,Mind's Eye,2,,0,,0
1,Spio X,Spio Vertex X,0,0,0,1,Poison Attack,3,Latent Power,1,,0,,0,,0
2,Spio X,Spio Thorax X,0,0,1,0,Latent Power,2,Mind's Eye,1,,0,,0,,0
3,Spio X,Spio Brachia X,2,0,0,1,Latent Power,1,Poison Resistance,1,,0,,0,,0
4,Spio X,Spio Elytra X,1,0,0,0,Weakness Exploit,2,Poison Resistance,1,,0,,0,,0
5,Spio X,Spio Crura X,0,1,0,0,Latent Power,1,Poison Resistance,1,Mind's Eye,2,,0,,0
1,Grand Chaos,Grand Chaoshroom,2,0,1,0,Mushroomancer,1,Speed Eating,1,,0,,0,,0
2,Grand Chaos,Grand Chaos Plate,1,1,0,0,Mushroomancer,2,Horn Maestro,1,,0,,0,,0
0,,,0,0,0,0,,0,,0,,0,,0,,0
0,,,0,0,0,0,,0,,0,,0,,0,,0
0,,,0,0,0,0,,0,,0,,0,,0,,0
1,Edel X,Edel Vizor X,0,1,0,1,Poison Resistance,2,Speed Eating,1,,0,,0,,0
2,Edel X,Edel Ribplate X,1,0,1,0,Recovery Up,2,Wide-Range,1,,0,,0,,0
3,Edel X,Edel Creeper X,1,1,0,0,Capture Master,1,Wide-Range,3,,0,,0,,0
4,Edel X,Edel Folia X,0,1,0,1,Recovery Up,1,Wide-Range,1,,0,,0,,0
5,Edel X,Edel Roots X,1,0,0,1,Poison Resistance,1,Speed Eating,2,,0,,0,,0
1,Shell-Studded X,S. Studded Hat X,1,1,0,0,Ballistics,2,Steadiness,2,Tune-Up,1,,0,,0
2,Shell-Studded X,S. Studded Vest X,2,0,0,0,Normal/Rapid Up,1,Pierce Up,1,Tune-Up,1,,0,,0
3,Shell-Studded X,S. Studded Gloves X,2,0,0,0,Spread Up,2,Normal/Rapid Up,1,,0,,0,,0
4,Shell-Studded X,S. Studded Sash X,1,0,0,1,Ballistics,1,Normal/Rapid Up,1,,0,,0,,0
5,Shell-Studded X,S. Studded Sandals X,2,0,0,0,Spread Up,1,Pierce Up,2,,0,,0,,0
1,Melahoa X,Melahoa Hat X,0,1,0,1,Paralysis Resistance,2,Divine Blessing,2,,0,,0,,0
2,Melahoa X,Melahoa Jacket X,1,0,0,1,Botanist,2,Recovery Up,1,Divine Blessing,1,,0,,0
3,Melahoa X,Melahoa Branch X,0,1,0,1,Paralysis Resistance,1,Botanist,1,Recovery Up,1,,0,,0
4,Melahoa X,Melahoa Folia X,0,1,0,1,Botanist,1,Recovery Speed,1,Stamina Surge,1,,0,,0
5,Melahoa X,Melahoa Roots X,1,0,0,1,Recovery Up,1,Recovery Speed,2,Stamina Surge,1,,0,,0
1,Five Element,Five Element Mask,0,1,0,0,Hellfire Cloak,2,Mind's Eye,1,Ballistics,1,,0,,0
2,Five Element,Five Element Garb,0,0,0,1,Blight Resistance,1,Mind's Eye,2,,0,,0,,0
3,Five Element,Five Element Arms,0,0,0,1,Divine Blessing,1,Ballistics,2,,0,,0,,0
4,Five Element,Five Element Obi,0,0,0,1,Blight Resistance,2,Master Mounter,1,,0,,0,,0
5,Five Element,Five Element Legwear,0,0,1,0,Divine Blessing,2,Hellfire Cloak,1,,0,,0,,0
1,Knight Squire,Squire's Earrings,1,0,0,0,Attack Boost,2,Speed Eating,3,,0,,0,,0
2,Knight Squire,Squire's Cuirass,2,0,0,0,Razor Sharp,1,Flinch Free,1,Offensive Guard,2,,0,,0
3,Knight Squire,Squire's Braces,1,1,0,0,Guard Up,3,Flinch Free,2,,0,,0,,0
4,Knight Squire,Squire's Belt,0,0,1,0,Weakness Exploit,1,Critical Boost,1,Offensive Guard,1,,0,,0
5,Knight Squire,Squire's Greaves,1,0,1,0,Razor Sharp,2,Critical Boost,1,,0,,0,,0
1,Yukumo Sky,Yukumo Sky Kasa,0,1,0,0,Critical Eye,2,Evade Window,1,Recovery Up,1,,0,,0
2,Yukumo Sky,Yukumo Sky Dogi,1,0,0,0,Critical Eye,1,Earplugs,2,,0,,0,,0
3,Yukumo Sky,Yukumo Sky Kote,3,0,0,0,Critical Eye,2,Evade Window,2,,0,,0,,0
4,Yukumo Sky,Yukumo Sky Obi,1,1,0,0,Critical Eye,1,Evade Window,1,Earplugs,1,,0,,0
5,Yukumo Sky,Yukumo Sky Hakama,0,1,0,0,Critical Eye,1,Evade Window,1,Recovery Up,2,,0,,0
1,Cohoot Mask,Cohoot Mask,0,0,0,0,,0,,0,,0,,0,,0
0,,,0,0,0,0,,0,,0,,0,,0,,0
0,,,0,0,0,0,,0,,0,,0,,0,,0
0,,,0,0,0,0,,0,,0,,0,,0,,0
0,,,0,0,0,0,,0,,0,,0,,0,,0
1,Slagtoth X,Slagtoth Hood X,0,1,1,0,Free Meal,1,Diversion,1,Speed Eating,2,,0,,0
2,Slagtoth X,Slagtoth Cloak X,1,0,0,1,Free Meal,2,Item Prolonger,2,,0,,0,,0
0,,,0,0,0,0,,0,,0,,0,,0,,0
0,,,0,0,0,0,,0,,0,,0,,0,,0
0,,,0,0,0,0,,0,,0,,0,,0,,0
1,Khezu X,Khezu Helm X,0,0,0,1,Focus,1,Recovery Up,1,Thunder Attack,2,,0,,0
2,Khezu X,Khezu Mail X,3,0,0,0,Wall Runner,2,Recovery Up,2,,0,,0,,0
3,Khezu X,Khezu Vambraces X,1,0,0,1,Wall Runner,1,Recovery Speed,1,Thunder Attack,3,,0,,0
4,Khezu X,Khezu Coil X,2,0,0,1,Focus,1,Slugger,1,,0,,0,,0
5,Khezu X,Khezu Greaves X,1,1,0,0,Focus,1,Slugger,2,Recovery Speed,2,,0,,0
1,Bishaten X,Bishaten Helm X,1,1,0,0,Item Prolonger,1,Wide-Range,2,Stun Resistance,2,,0,,0
2,Bishaten X,Bishaten Mail X,0,0,0,1,Wide-Range,3,,0,,0,,0,,0
3,Bishaten X,Bishaten Vambraces X,0,0,0,1,Item Prolonger,1,Stun Resistance,1,Speed Eating,1,,0,,0
4,Bishaten X,Bishaten Coil X,2,0,0,0,Item Prolonger,1,Maximum Might,2,Speed Eating,1,,0,,0
5,Bishaten X,Bishaten Greaves X,2,1,0,0,Maximum Might,1,Master's Touch,1,Speed Eating,1,Spare Shot,1,,0
1,Orangaten,Orangaten Helm,0,1,1,0,Blast Attack,1,Latent Power,2,,0,,0,,0
2,Orangaten,Orangaten Mail,2,0,0,1,Quick Sheathe,1,Fire Resistance,2,Recovery Speed,3,,0,,0
3,Orangaten,Orangaten Braces,1,1,0,0,Latent Power,3,Quick Sheathe,1,,0,,0,,0
4,Orangaten,Orangaten Coil,1,0,0,0,Blast Attack,2,Handicraft,2,Spread Up,2,,0,,0
5,Orangaten,Orangaten Greaves,1,0,0,1,Quick Sheathe,1,Protective Polish,2,Spread Up,1,,0,,0
1,Pukei-Pukei X,Pukei-Pukei Helm X,0,0,0,1,Special Ammo Boost,1,Spare Shot,1,Poison Attack,1,,0,,0
2,Pukei-Pukei X,Pukei-Pukei Mail X,0,1,0,0,Special Ammo Boost,1,Constitution,3,Speed Sharpening,2,,0,,0
3,Pukei-Pukei X,Pukei-Pukei Braces X,0,0,1,0,Spare Shot,1,Ballistics,2,,0,,0,,0
4,Pukei-Pukei X,Pukei-Pukei Coil X,0,1,0,1,Spare Shot,1,Poison Attack,2,,0,,0,,0
5,Pukei-Pukei X,Pukei Greaves X,2,1,0,0,Constitution,2,Ballistics,1,,0,,0,,0
1,Jyuratodus X,Jyuratodus Helm X,1,1,0,0,Offensive Guard,1,Evade Extender,2,Resentment,1,,0,,0
2,Jyuratodus X,Jyuratodus Mail X,3,0,0,0,Power Prolonger,2,Evade Extender,1,Resentment,1,Tune-Up,1,,0
3,Jyuratodus X,Jyuratodus Vambraces X,1,1,1,0,Resentment,2,,0,,0,,0,,0
4,Jyuratodus X,Jyuratodus Coil X,2,0,0,0,Guard Up,1,Power Prolonger,1,Offensive Guard,2,,0,,0
5,Jyuratodus X,Jyuratodus Greaves X,2,0,0,1,Guard Up,2,Resentment,1,,0,,0,,0
1,Basarios X,Basarios Helm X,1,1,0,0,Load Shells,1,Defense Boost,2,Artillery,2,,0,,0
2,Basarios X,Basarios Mail X,2,0,0,0,Guard,2,Load Shells,1,Latent Power,1,,0,,0
3,Basarios X,Basarios Vambraces X,1,1,0,0,Guard,3,Speed Sharpening,1,,0,,0,,0
4,Basarios X,Basarios Coil X,0,0,0,1,Speed Sharpening,2,Defense Boost,3,Latent Power,1,Reload Speed,1,,0
5,Basarios X,Basarios Greaves X,0,0,1,0,Load Shells,1,Defense Boost,2,Latent Power,2,Reload Speed,1,,0
1,Somnacanth X,Somnacanth Helm X,0,2,0,0,Sleep Attack,1,Sleep Resistance,2,Spare Shot,1,,0,,0
2,Somnacanth X,Somnacanth Mail X,2,0,1,0,Sleep Attack,1,Ammo Up,1,,0,,0,,0
3,Somnacanth X,Somnacanth Braces X,0,1,0,0,Bombardier,2,Divine Blessing,1,Spare Shot,2,Handicraft,1,,0
4,Somnacanth X,Somnacanth Coil X,0,0,0,1,Sleep Attack,1,Bombardier,1,Ammo Up,1,,0,,0
5,Somnacanth X,Somnacanth Greaves X,1,0,0,1,Divine Blessing,2,Sleep Resistance,1,,0,,0,,0
1,Auroracanth,Auroracanth Head,0,2,0,0,Master's Touch,1,Agitator,2,,0,,0,,0
2,Auroracanth,Auroracanth Mail,0,0,0,1,Critical Element,1,Agitator,2,,0,,0,,0
3,Auroracanth,Auroracanth Braces,1,0,0,1,Critical Element,1,Master's Touch,1,Ice Attack,1,,0,,0
4,Auroracanth,Auroracanth Coil,0,1,0,1,Master's Touch,1,Ice Attack,2,,0,,0,,0
5,Auroracanth,Auroracanth Greaves,1,0,0,1,Critical Element,1,Agitator,1,Ice Attack,2,,0,,0
1,Rathian X,Rathian Helm X,1,0,0,1,Blight Resistance,1,Poison Resistance,1,Agitator,1,,0,,0
2,Rathian X,Rathian Mail X,2,0,0,1,Recovery Up,1,Poison Resistance,2,Free Meal,1,,0,,0
3,Rathian X,Rathian Braces X,1,1,0,0,Blight Resistance,1,Wide-Range,2,Free Meal,1,,0,,0
4,Rathian X,Rathian Coil X,0,1,0,0,Recovery Up,2,Wide-Range,1,Agitator,1,,0,,0
5,Rathian X,Rathian Greaves X,0,0,0,1,Blight Resistance,1,Free Meal,1,Agitator,1,,0,,0
1,Tobi-Kadachi X,Kadachi Helm X,2,0,0,0,Jump Master,1,Constitution,1,Critical Eye,3,,0,,0
2,Tobi-Kadachi X,Tobi-Kadachi Mail X,0,0,0,1,Mind's Eye,1,Critical Eye,1,Critical Element,1,,0,,0
3,Tobi-Kadachi X,Kadachi Braces X,0,0,1,0,Constitution,3,Fortify,1,,0,,0,,0
4,Tobi-Kadachi X,Tobi-Kadachi Coil X,1,0,0,1,Mind's Eye,2,Critical Element,1,Pierce Up,1,,0,,0
5,Tobi-Kadachi X,Kadachi Greaves X,1,1,0,0,Constitution,1,Critical Eye,2,Critical Element,1,,0,,0
1,Anjanath X,Anjanath Helm X,0,0,1,0,Focus,1,Slugger,1,Attack Boost,1,,0,,0
2,Anjanath X,Anjanath Mail X,2,0,0,0,Focus,2,Marathon Runner,1,Agitator,1,,0,,0
3,Anjanath X,Anjanath Vambraces X,1,0,0,0,Slugger,2,Attack Boost,2,Agitator,1,,0,,0
4,Anjanath X,Anjanath Coil X,2,0,0,1,Attack Boost,2,,0,,0,,0,,0
5,Anjanath X,Anjanath Greaves X,0,0,1,0,Marathon Runner,2,Agitator,2,,0,,0,,0
1,Skull X,Skull Visage X,0,0,0,1,Fortify,1,Handicraft,1,,0,,0,,0
0,,,0,0,0,0,,0,,0,,0,,0,,0
0,,,0,0,0,0,,0,,0,,0,,0,,0
0,,,0,0,0,0,,0,,0,,0,,0,,0
0,,,0,0,0,0,,0,,0,,0,,0,,0
1,Dober X,Dober Helm X,1,1,0,0,Dragon Attack,1,Attack Boost,1,Heroics,1,Marathon Runner,1,,0
2,Dober X,Dober Mail X,1,0,0,0,Dragon Attack,1,Focus,1,Power Prolonger,1,Heroics,2,,0
3,Dober X,Dober Vambraces X,2,0,1,0,Dragon Attack,1,Power Prolonger,2,Recoil Down,2,,0,,0
4,Dober X,Dober Coil X,0,1,0,0,Dragon Attack,1,Attack Boost,2,Marathon Runner,2,,0,,0
5,Dober X,Dober Greaves X,0,1,0,0,Dragon Attack,1,Focus,2,Heroics,2,,0,,0
1,Vaik X,Vaik Helm X,1,0,1,0,Ammo Up,2,Recovery Speed,1,,0,,0,,0
2,Vaik X,Vaik Mail X,1,1,1,0,Hunger Resistance,1,,0,,0,,0,,0
3,Vaik X,Vaik Braces X,1,1,0,0,Normal/Rapid Up,2,Hunger Resistance,1,Razor Sharp,2,,0,,0
4,Vaik X,Vaik Coil X,0,0,0,1,Normal/Rapid Up,1,Recovery Speed,2,Razor Sharp,1,,0,,0
5,Vaik X,Vaik Greaves X,1,0,0,1,Ammo Up,1,Hunger Resistance,1,,0,,0,,0
1,Mosgharl X,Mosgharl Vizor X,0,1,1,0,Blast Resistance,2,Fire Attack,2,Critical Element,1,,0,,0
2,Mosgharl X,Mosgharl Ribplate X,1,0,0,1,Tune-Up,1,Steadiness,1,,0,,0,,0
3,Mosgharl X,Mosgharl Creeper X,2,0,0,1,Blast Resistance,1,Flinch Free,2,Critical Element,1,,0,,0
4,Mosgharl X,Mosgharl Folia X,0,0,0,1,Fire Attack,3,Flinch Free,1,Critical Element,1,,0,,0
5,Mosgharl X,Mosgharl Roots X,0,2,0,0,Tune-Up,1,Steadiness,2,,0,,0,,0
1,Mosgharl X,Mosgharl Vizor X,0,1,1,0,Blast Resistance,2,Fire Attack,2,Critical Element,1,,0,,0
2,Mosgharl X,Mosgharl Ribplate X,1,0,0,1,Tune-Up,1,Steadiness,1,,0,,0,,0
3,Mosgharl X,Mosgharl Creeper X,2,0,0,1,Blast Resistance,1,Flinch Free,2,Critical Element,1,,0,,0
4,Mosgharl X,Mosgharl Folia X,0,0,0,1,Fire Attack,3,Flinch Free,1,Critical Element,1,,0,,0
5,Mosgharl X,Mosgharl Roots X,0,2,0,0,Tune-Up,1,Steadiness,2,,0,,0,,0
1,Death Stench X,Death Stench Brain X,0,0,1,0,Protective Polish,1,Speed Sharpening,2,Attack Boost,1,,0,,0
2,Death Stench X,Death Stench Muscle X,0,1,0,0,Fortify,1,Rapid Morph,2,Speed Sharpening,1,,0,,0
3,Death Stench X,Death Stench Grip X,0,1,0,0,Maximum Might,2,Attack Boost,1,,0,,0,,0
4,Death Stench X,Death Stench Bowels X,1,1,0,0,Protective Polish,1,Maximum Might,1,Attack Boost,1,,0,,0
5,Death Stench X,Death Stench Heel X,1,1,0,0,Protective Polish,1,Rapid Morph,1,Attack Boost,1,,0,,0
1,Makluva X,Makluva Hood X,0,2,0,0,Sleep Resistance,2,Speed Eating,1,Stamina Surge,1,,0,,0
2,Makluva X,Makluva Cover X,1,1,0,0,Water Attack,3,Speed Eating,1,Stamina Surge,1,,0,,0
3,Makluva X,Makluva Sleeves X,0,2,0,0,Bubbly Dance,1,Leap of Faith,1,Resuscitate,1,,0,,0
4,Makluva X,Makluva Coil X,0,1,1,0,Sleep Resistance,1,Water Attack,2,Resuscitate,1,,0,,0
5,Makluva X,Makluva Pants X,2,0,0,0,Bubbly Dance,2,Speed Eating,1,Resuscitate,1,,0,,0
1,Aelucanth X,Aelucanth Vertex X,0,1,0,0,Critical Element,2,Evade Window,2,,0,,0,,0
2,Aelucanth X,Aelucanth Thorax X,2,0,0,0,Critical Element,1,Critical Eye,3,Dragon Attack,1,,0,,0
3,Aelucanth X,Aelucanth Brachia X,0,0,1,0,Evade Window,2,Critical Eye,1,,0,,0,,0
4,Aelucanth X,Aelucanth Elytra X,0,0,0,1,Dragon Attack,3,Critical Eye,1,,0,,0,,0
5,Aelucanth X,Aelucanth Crura X,1,1,0,0,Critical Eye,2,Dragon Attack,1,Evade Window,1,,0,,0
1,Rhopessa X,Rhopessa Vertex X,0,1,0,0,Critical Element,2,Evade Window,2,,0,,0,,0
2,Rhopessa X,Rhopessa Thorax X,2,0,0,0,Critical Element,1,Critical Eye,3,Dragon Attack,1,,0,,0
3,Rhopessa X,Rhopessa Brachia X,0,0,1,0,Evade Window,2,Critical Eye,1,,0,,0,,0
4,Rhopessa X,Rhopessa Elytra X,0,0,0,1,Dragon Attack,3,Critical Eye,1,,0,,0,,0
5,Rhopessa X,Rhopessa Crura X,1,1,0,0,Critical Eye,2,Dragon Attack,1,Evade Window,1,,0,,0
1,Royal Artillery Corps,Artillery Corps Helm,0,0,1,0,Steadiness,2,Recoil Down,1,Evade Extender,2,,0,,0
2,Royal Artillery Corps,Artillery Corps Vest,0,0,0,0,Ballistics,3,Recoil Down,1,Evade Extender,1,,0,,0
3,Royal Artillery Corps,Artillery Corps Gauntlets,1,0,0,0,Ammo Up,1,Reload Speed,1,Artillery,2,,0,,0
4,Royal Artillery Corps,Artillery Corps Tassets,0,1,0,0,Ammo Up,2,Reload Speed,1,,0,,0,,0
5,Royal Artillery Corps,Artillery Corps Greaves,0,0,0,0,Spare Shot,3,Special Ammo Boost,1,Artillery,1,,0,,0
1,Guild Bard,Guild Bard Lobos,0,0,1,0,Evade Window,2,Mushroomancer,1,,0,,0,,0
2,Guild Bard,Guild Bard Bolero,0,0,0,1,Evade Window,1,Divine Blessing,1,Good Luck,1,,0,,0
3,Guild Bard,Guild Bard Braces,1,1,0,0,Evade Window,1,Mushroomancer,1,Good Luck,1,,0,,0
4,Guild Bard,Guild Bard Coil,1,0,0,1,Evade Window,1,Good Luck,1,Horn Maestro,1,,0,,0
5,Guild Bard,Guild Bard Boots,0,0,0,1,Divine Blessing,2,Mushroomancer,1,,0,,0,,0
1,Scholar,Scholar's Beret,0,0,1,0,Evade Window,2,Mushroomancer,1,,0,,0,,0
2,Scholar,Scholar's Blouse,0,0,0,1,Evade Window,1,Divine Blessing,1,Good Luck,1,,0,,0
3,Scholar,Scholar's Gloves,1,1,0,0,Evade Window,1,Mushroomancer,1,Good Luck,1,,0,,0
4,Scholar,Scholar's Skirt,1,0,0,1,Evade Window,1,Good Luck,1,Horn Maestro,1,,0,,0
5,Scholar,Scholar's Socks,0,0,0,1,Divine Blessing,2,Mushroomancer,1,,0,,0,,0
1,Guardian,Guardian Helm,0,0,1,0,Guard,1,Guard Up,1,Earplugs,1,,0,,0
2,Guardian,Guardian Suit,1,0,0,1,Guard,1,Speed Sharpening,1,Blight Resistance,1,,0,,0
3,Guardian,Guardian Vambraces,1,2,0,0,Guard,1,Speed Sharpening,1,Earplugs,1,,0,,0
4,Guardian,Guardian Coil,2,0,0,1,Diversion,1,Speed Sharpening,1,Blight Resistance,2,,0,,0
5,Guardian,Guardian Boots,1,1,0,0,Guard,2,Earplugs,1,,0,,0,,0
1,Monksnail Hat,Monksnail Hat,0,0,0,0,,0,,0,,0,,0,,0
0,,,0,0,0,0,,0,,0,,0,,0,,0
0,,,0,0,0,0,,0,,0,,0,,0,,0
0,,,0,0,0,0,,0,,0,,0,,0,,0
0,,,0,0,0,0,,0,,0,,0,,0,,0
1,Brigade X,Brigade Lobos X,0,1,1,0,Botanist,2,Divine Blessing,2,,0,,0,,0
2,Brigade X,Brigade Suit X,0,1,1,0,Capture Master,1,Geologist,1,Marathon Runner,1,,0,,0
3,Brigade X,Brigade Vambraces X,0,0,2,0,Geologist,2,Spiribird's Call,1,Divine Blessing,1,,0,,0
4,Brigade X,Brigade Coil X,1,0,1,0,Good Luck,2,,0,,0,,0,,0
5,Brigade X,Brigade Boots X,1,2,0,0,Carving Pro,1,Botanist,2,Marathon Runner,2,,0,,0
1,Barioth X,Barioth Helm X,2,0,0,0,Critical Draw,2,Partbreaker,1,Ice Attack,2,,0,,0
2,Barioth X,Barioth Mail X,1,2,0,0,Quick Sheathe,1,Maximum Might,2,,0,,0,,0
3,Barioth X,Barioth Vambraces X,1,1,0,0,Quick Sheathe,1,Maximum Might,1,Critical Eye,2,,0,,0
4,Barioth X,Barioth Coil X,1,0,0,0,Critical Draw,1,Critical Eye,3,Partbreaker,1,,0,,0
5,Barioth X,Barioth Greaves X,1,0,0,1,Quick Sheathe,1,Partbreaker,1,Ice Attack,2,,0,,0
1,Sinister Demon,Sinister Demon Helm,0,1,0,0,Resentment,2,Handicraft,1,Flinch Free,2,,0,,0
2,Sinister Demon,Sinister Demon Garb,0,1,0,0,Hellfire Cloak,1,Resentment,1,Earplugs,1,,0,,0
3,Sinister Demon,Sinister Demon Gauntlets,0,1,0,0,Hellfire Cloak,1,Handicraft,2,Ammo Up,2,,0,,0
4,Sinister Demon,Sinister Demon Tassets,0,0,0,1,Hellfire Cloak,1,Earplugs,1,,0,,0,,0
5,Sinister Demon,Sinister Demon Greaves,1,1,0,0,Hellfire Cloak,1,Resentment,2,Flinch Free,1,,0,,0
1,Nargacuga X,Nargacuga Helm X,0,0,1,0,Evade Window,1,Constitution,2,Flinch Free,1,,0,,0
2,Nargacuga X,Nargacuga Mail X,1,0,1,0,Evade Window,1,Critical Eye,2,Flinch Free,1,,0,,0
3,Nargacuga X,Nargacuga Braces X,1,1,0,0,Evade Window,1,Evade Extender,1,Constitution,2,,0,,0
4,Nargacuga X,Nargacuga Coil X,0,1,0,0,Evade Extender,2,Critical Eye,2,Flinch Free,1,,0,,0
5,Nargacuga X,Nargacuga Greaves X,1,0,0,0,Evade Window,2,Critical Eye,2,Constitution,1,,0,,0
1,Goss Harag X,Goss Harag Helm X,1,1,0,0,Critical Draw,1,Agitator,2,Quick Sheathe,1,,0,,0
2,Goss Harag X,Goss Harag Mail X,1,1,0,0,Critical Draw,1,Resentment,3,,0,,0,,0
3,Goss Harag X,Goss Harag Braces X,0,0,0,1,Critical Draw,1,Punishing Draw,1,Quick Sheathe,1,,0,,0
4,Goss Harag X,Goss Harag Coil X,2,1,0,0,Punishing Draw,1,Resentment,2,Quick Sheathe,1,,0,,0
5,Goss Harag X,Goss Harag Greaves X,0,0,1,0,Punishing Draw,1,Agitator,3,Ballistics,1,,0,,0
1,Garangolm,Golm Helm,1,0,0,1,Charge Master,1,Maximum Might,1,Tremor Resistance,1,,0,,0
2,Garangolm,Golm Mail,2,0,0,1,Flinch Free,3,Tremor Resistance,2,,0,,0,,0
3,Garangolm,Golm Braces,1,2,0,0,Charge Master,1,Focus,2,,0,,0,,0
4,Garangolm,Golm Faulds,0,1,1,0,Spiribird's Call,1,Focus,1,Maximum Might,2,,0,,0
5,Garangolm,Golm Greaves,1,2,0,0,Charge Master,1,Slugger,2,Stamina Thief,2,,0,,0
1,Ceanataur,Ceanataur Helm,0,2,0,0,Critical Eye,1,Peak Performance,2,,0,,0,,0
2,Ceanataur,Ceanataur Mail,0,1,0,0,Grinder (S),1,Marathon Runner,2,Critical Eye,1,,0,,0
3,Ceanataur,Ceanataur Braces,0,1,0,0,Grinder (S),1,Peak Performance,1,Critical Eye,2,Pierce Up,1,,0
4,Ceanataur,Ceanataur Coil,1,0,0,0,Grinder (S),1,Handicraft,1,Critical Eye,2,,0,,0
5,Ceanataur,Ceanataur Greaves,1,0,0,0,Critical Eye,1,Marathon Runner,1,Handicraft,2,Pierce Up,2,,0
1,Almudron X,Almudron Helm X,0,2,0,0,Rapid Morph,2,Power Prolonger,1,,0,,0,,0
2,Almudron X,Almudron Mail X,0,0,0,1,Razor Sharp,2,Power Prolonger,1,,0,,0,,0
3,Almudron X,Almudron Vambraces X,1,0,0,1,Rapid Morph,1,Evade Window,2,,0,,0,,0
4,Almudron X,Almudron Coil X,1,0,0,1,Evade Window,2,Power Prolonger,1,Spare Shot,1,,0,,0
5,Almudron X,Almudron Greaves X,0,1,0,1,Razor Sharp,1,Evade Window,1,Spare Shot,1,,0,,0
1,Magmadron,Magmadron Helm,0,0,1,0,Resentment,1,Heroics,2,Fire Attack,3,,0,,0
2,Magmadron,Magmadron Mail,1,0,0,1,Resuscitate,1,Heroics,2,,0,,0,,0
3,Magmadron,Magmadron Vambraces,0,0,1,0,Resentment,1,Guard Up,2,Heroics,1,,0,,0
4,Magmadron,Magmadron Coil,0,0,2,0,Resuscitate,1,Guard Up,1,,0,,0,,0
5,Magmadron,Magmadron Greaves,0,0,2,0,Resuscitate,1,Resentment,1,,0,,0,,0
1,Rakna-Kadaki X,Rakna Helm X,1,0,1,0,Spread Up,1,Reload Speed,1,Tune-Up,1,,0,,0
2,Rakna-Kadaki X,Rakna Mail X,1,0,1,0,Spread Up,1,Reload Speed,2,Spare Shot,1,,0,,0
3,Rakna-Kadaki X,Rakna Armguards X,0,0,0,1,Constitution,2,Stamina Surge,1,,0,,0,,0
4,Rakna-Kadaki X,Rakna Coil X,0,2,0,0,Spread Up,1,Spare Shot,1,Tune-Up,1,,0,,0
5,Rakna-Kadaki X,Rakna Greaves X,2,0,0,0,Constitution,3,Stamina Surge,2,,0,,0,,0
1,Rakna-Kadaki X,Rakna Helm X,1,0,1,0,Spread Up,1,Reload Speed,1,Tune-Up,1,,0,,0
2,Rakna-Kadaki X,Rakna Mail X,1,0,1,0,Spread Up,1,Reload Speed,2,Spare Shot,1,,0,,0
3,Rakna-Kadaki X,Rakna Armguards X,0,0,0,1,Constitution,2,Stamina Surge,1,,0,,0,,0
4,Rakna-Kadaki X,Rakna Coil X,0,2,0,0,Spread Up,1,Spare Shot,1,Tune-Up,1,,0,,0
5,Rakna-Kadaki X,Rakna Greaves X,2,0,0,0,Constitution,3,Stamina Surge,2,,0,,0,,0
1,Pyre-Kadaki,Pyre-Kadaki Helm,1,0,0,1,Maximum Might,1,Blast Attack,1,Wirebug Whisperer,1,,0,,0
2,Pyre-Kadaki,Pyre-Kadaki Mail,1,2,0,0,Maximum Might,1,Wirebug Whisperer,2,,0,,0,,0
3,Pyre-Kadaki,Pyre-Kadaki Braces,0,0,0,1,Maximum Might,1,Rapid Morph,2,Blast Resistance,1,Tune-Up,1,,0
4,Pyre-Kadaki,Pyre-Kadaki Coil,0,0,1,0,Peak Performance,2,Blast Attack,2,,0,,0,,0
5,Pyre-Kadaki,Pyre-Kadaki Greaves,1,1,0,1,Peak Performance,1,Blast Resistance,2,,0,,0,,0
1,Pyre-Kadaki,Pyre-Kadaki Helm,1,0,0,1,Maximum Might,1,Blast Attack,1,Wirebug Whisperer,1,,0,,0
2,Pyre-Kadaki,Pyre-Kadaki Mail,1,2,0,0,Maximum Might,1,Wirebug Whisperer,2,,0,,0,,0
3,Pyre-Kadaki,Pyre-Kadaki Braces,0,0,0,1,Maximum Might,1,Rapid Morph,2,Blast Resistance,1,Tune-Up,1,,0
4,Pyre-Kadaki,Pyre-Kadaki Coil,0,0,1,0,Peak Performance,2,Blast Attack,2,,0,,0,,0
5,Pyre-Kadaki,Pyre-Kadaki Greaves,1,1,0,1,Peak Performance,1,Blast Resistance,2,,0,,0,,0
1,Utsushi True (Visible),Utsushi True Mask (V),0,1,0,0,Speed Eating,2,Free Meal,1,Good Luck,1,,0,,0
2,Utsushi True (Visible),Utsushi True Chest (V),1,1,0,0,Wide-Range,1,Good Luck,1,Recovery Up,1,,0,,0
3,Utsushi True (Visible),Utsushi True Braces (V),0,0,0,1,Wide-Range,2,Recovery Up,1,,0,,0,,0
4,Utsushi True (Visible),Utsushi True Tassets (V),0,0,0,1,Speed Eating,1,Free Meal,1,Recovery Up,1,,0,,0
5,Utsushi True (Visible),Utsushi True Greaves (V),0,1,0,0,Wide-Range,2,Free Meal,1,Good Luck,1,,0,,0
1,Channeler (Spring),Channeler's Hair Tie (Spring),1,0,0,0,Razor Sharp,2,Spare Shot,2,Wirebug Whisperer,1,Attack Boost,2,,0
2,Channeler (Spring),Channeler's Robe (Spring),1,0,0,0,Razor Sharp,1,Spare Shot,1,Evade Window,3,Agitator,1,,0
3,Channeler (Spring),Channeler's Hope (Spring),0,1,0,0,Evade Window,1,Wirebug Whisperer,1,Attack Boost,2,,0,,0
4,Channeler (Spring),Channeler's Obi (Spring),0,1,0,0,Agitator,2,Wirebug Whisperer,1,Attack Boost,1,,0,,0
5,Channeler (Spring),Channeler's Hakama (Spring),3,0,0,0,Evade Window,1,Agitator,1,Attack Boost,2,,0,,0
1,Utsushi True (Hidden),Utsushi True Mask (H),1,0,0,0,Razor Sharp,2,Spare Shot,2,Wirebug Whisperer,1,Attack Boost,2,,0
2,Utsushi True (Hidden),Utsushi True Chest (H),1,0,0,0,Razor Sharp,1,Spare Shot,1,Evade Window,3,Agitator,1,,0
3,Utsushi True (Hidden),Utsushi True Braces (H),0,1,0,0,Evade Window,1,Wirebug Whisperer,1,Attack Boost,2,,0,,0
4,Utsushi True (Hidden),Utsushi True Tassets (H),0,1,0,0,Agitator,2,Wirebug Whisperer,1,Attack Boost,1,,0,,0
5,Utsushi True (Hidden),Utsushi True Greaves (H),3,0,0,0,Evade Window,1,Agitator,1,Attack Boost,2,,0,,0
1,Medium (Light),Medium's Hair Tie (Light),0,1,0,0,Speed Eating,2,Free Meal,1,Good Luck,1,,0,,0
2,Medium (Light),Medium's Robe (Light),1,1,0,0,Wide-Range,1,Good Luck,1,Recovery Up,1,,0,,0
3,Medium (Light),Medium's Prayer (Light),0,0,0,1,Wide-Range,2,Recovery Up,1,,0,,0,,0
4,Medium (Light),Medium's Obi (Light),0,0,0,1,Speed Eating,1,Free Meal,1,Recovery Up,1,,0,,0
5,Medium (Light),Medium's Hakama (Light),0,1,0,0,Wide-Range,2,Free Meal,1,Good Luck,1,,0,,0
0,,,0,0,0,0,,0,,0,,0,,0,,0
0,,,0,0,0,0,,0,,0,,0,,0,,0
0,,,0,0,0,0,,0,,0,,0,,0,,0
4,Chrome Metal X,Chrome Metal Coil X,1,1,1,0,Flinch Free,1,,0,,0,,0,,0
5,Chrome Metal X,Chrome Metal Boots X,0,0,0,1,Flinch Free,2,,0,,0,,0,,0
0,,,0,0,0,0,,0,,0,,0,,0,,0
2,Uroktor X,Uroktor Torso X,2,1,0,0,Guard Up,2,Special Ammo Boost,2,Evade Window,1,,0,,0
0,,,0,0,0,,,0,,0,,0,,0,,0
4,Uroktor X,Uroktor Coil X,0,0,1,0,Guard Up,1,Special Ammo Boost,1,Evade Window,1,,0,,0
0,,,0,0,0,0,,0,,0,,0,,0,,0
1,Remobra X,Remobra Headgear X,1,1,0,1,Windproof,1,Poison Attack,1,,0,,0,,0
2,Remobra X,Remobra Suit X,2,0,1,0,Critical Boost,1,Poison Attack,2,,0,,0,,0
3,Remobra X,Remobra Gloves X,2,0,0,1,Critical Element,1,Windproof,2,,0,,0,,0
4,Remobra X,Remobra Belt X,0,2,0,0,Critical Element,2,Poison Resistance,1,,0,,0,,0
5,Remobra X,Remobra Feet X,1,0,0,1,Weakness Exploit,1,Poison Resistance,2,,0,,0,,0
1,Mizutsune X,Mizutsune Helm X,1,1,0,0,Resuscitate,1,Evade Window,2,Constitution,1,,0,,0
2,Mizutsune X,Mizutsune Mail X,0,1,0,0,Bubbly Dance,1,Resuscitate,1,Constitution,2,,0,,0
3,Mizutsune X,Mizutsune Braces X,2,0,0,1,Resuscitate,1,Free Meal,2,,0,,0,,0
4,Mizutsune X,Mizutsune Coil X,1,0,0,1,Bubbly Dance,1,Free Meal,1,Constitution,1,,0,,0
5,Mizutsune X,Mizutsune Greaves X,2,0,1,0,Bubbly Dance,1,Evade Window,1,Constitution,1,,0,,0
1,Rathalos X,Rathalos Helm X,0,0,0,1,Attack Boost,1,Partbreaker,1,Critical Boost,1,,0,,0
2,Rathalos X,Rathalos Mail X,0,0,1,0,Attack Boost,1,Partbreaker,1,Earplugs,1,,0,,0
3,Rathalos X,Rathalos Braces X,0,1,0,0,Attack Boost,2,Earplugs,2,,0,,0,,0
4,Rathalos X,Rathalos Coil X,0,1,0,0,Attack Boost,2,Windproof,3,Critical Boost,1,,0,,0
5,Rathalos X,Rathalos Greaves X,2,0,0,0,Attack Boost,1,Partbreaker,1,Earplugs,2,,0,,0
1,Zinogre X,Zinogre Helm X,0,0,1,0,Latent Power,1,Weakness Exploit,1,Critical Element,1,,0,,0
2,Zinogre X,Zinogre Mail X,3,0,0,0,Latent Power,1,Weakness Exploit,2,Thunder Attack,2,,0,,0
3,Zinogre X,Zinogre Braces X,0,1,0,0,Latent Power,1,Constitution,2,Critical Element,1,,0,,0
4,Zinogre X,Zinogre Coil X,1,0,1,0,Latent Power,1,Critical Element,1,Thunder Attack,3,,0,,0
5,Zinogre X,Zinogre Greaves X,1,0,0,0,Latent Power,1,Constitution,3,Wirebug Whisperer,1,,0,,0
1,Tigrex X,Tigrex Helm X,1,0,0,1,Earplugs,1,Speed Eating,1,,0,,0,,0
2,Tigrex X,Tigrex Mail X,1,1,0,0,Earplugs,2,Peak Performance,1,,0,,0,,0
3,Tigrex X,Tigrex Braces X,0,0,0,1,Mind's Eye,1,Peak Performance,1,Stun Resistance,3,Normal/Rapid Up,1,,0
4,Tigrex X,Tigrex Coil X,1,1,0,0,Earplugs,2,Peak Performance,1,,0,,0,,0
5,Tigrex X,Tigrex Greaves X,0,0,1,0,Speed Eating,2,Mind's Eye,2,Normal/Rapid Up,1,,0,,0
1,Diablos X,Diablos Helm X,0,0,1,0,Guard,3,Tremor Resistance,1,,0,,0,,0
2,Diablos X,Diablos Mail X,0,0,1,0,Guard,2,Offensive Guard,1,,0,,0,,0
3,Diablos X,Diablos Vambraces X,1,1,0,0,Offensive Guard,2,Stamina Surge,1,Pierce Up,2,,0,,0
4,Diablos X,Diablos Coil X,1,0,0,1,Heroics,1,Stamina Surge,2,,0,,0,,0
5,Diablos X,Diablos Greaves X,0,0,1,0,Heroics,2,Tremor Resistance,2,,0,,0,,0
1,Gore Magala,Gore Helm,0,2,0,0,Agitator,1,Constitution,2,,0,,0,,0
2,Gore Magala,Gore Mail,1,1,0,0,Coalescence,1,Constitution,3,,0,,0,,0
3,Gore Magala,Gore Braces,0,0,0,1,Coalescence,1,Speed Eating,2,,0,,0,,0
4,Gore Magala,Gore Coil,0,1,0,1,Coalescence,1,Agitator,1,,0,,0,,0
5,Gore Magala,Gore Greaves,3,0,0,0,Agitator,3,Speed Eating,1,,0,,0,,0
1,Seregios,Regios Helm,0,0,1,0,Bladescale Hone,1,Constitution,3,,0,,0,,0
2,Seregios,Regios Mail,0,0,1,0,Bladescale Hone,1,Evade Window,3,,0,,0,,0
3,Seregios,Regios Vambraces,0,0,0,0,Handicraft,3,,0,,0,,0,,0
4,Seregios,Regios Coil,2,0,0,1,Wall Runner (Boost),1,Wall Runner,2,,0,,0,,0
5,Seregios,Regios Greaves,0,0,0,1,Bladescale Hone,1,Evade Extender,2,,0,,0,,0
1,Astalos,Astalos Helm,1,1,0,1,Chain Crit,1,Stun Resistance,2,,0,,0,,0
2,Astalos,Astalos Mail,1,0,1,0,Chain Crit,1,Stamina Surge,2,,0,,0,,0
3,Astalos,Astalos Braces,1,0,0,1,Chain Crit,1,Stamina Surge,1,Stun Resistance,1,,0,,0
4,Astalos,Astalos Coil,1,1,0,0,Power Prolonger,3,Speed Sharpening,2,,0,,0,,0
5,Astalos,Astalos Greaves,2,0,0,0,Razor Sharp,3,Spare Shot,3,Thunder Attack,3,,0,,0
1,Lunagaron,Lunagaron Helm,0,2,0,0,Critical Eye,2,Wirebug Whisperer,1,,0,,0,,0
2,Lunagaron,Lunagaron Mail,0,0,0,1,Agitator,2,Redirection,1,,0,,0,,0
3,Lunagaron,Lunagaron Braces,1,1,0,0,Agitator,3,Wirebug Whisperer,1,,0,,0,,0
4,Lunagaron,Lunagaron Coil,0,0,0,1,Latent Power,2,Wirebug Whisperer,1,,0,,0,,0
5,Lunagaron,Lunagaron Greaves,2,1,0,0,Latent Power,3,Redirection,1,,0,,0,,0
1,Espinas,Espinas Brain,0,2,0,0,Paralysis Attack,3,Partbreaker,1,,0,,0,,0
2,Espinas,Espinas Muscle,0,0,0,1,Foray,1,Partbreaker,2,,0,,0,,0
3,Espinas,Espinas Vambraces,0,0,0,1,Foray,1,Protective Polish,2,Rapid Fire Up,1,,0,,0
4,Espinas,Espinas Bowels,1,0,1,0,Agitator,2,Protective Polish,1,,0,,0,,0
5,Espinas,Espinas Heel,1,0,0,1,Foray,1,Flinch Free,2,Poison Attack,3,,0,,0
1,Heavy Knight,Hoplite's Helm,0,1,0,0,Guard Up,1,Artillery,1,Load Shells,2,,0,,0
2,Heavy Knight,Hoplite's Armor,2,0,0,0,Guard,1,Artillery,2,Offensive Guard,1,,0,,0
3,Heavy Knight,Hoplite's Braces,0,1,0,0,Guard,2,Guard Up,1,Razor Sharp,1,,0,,0
4,Heavy Knight,Hoplite's Belt,0,0,0,0,Guard,1,Quick Sheathe,1,Offensive Guard,2,,0,,0
5,Heavy Knight,Hoplite's Greaves,1,0,0,0,Guard Up,1,Quick Sheathe,2,Razor Sharp,2,,0,,0
1,Hawk,Hawkhat,1,0,0,0,Constitution,2,Weakness Exploit,1,Good Luck,1,,0,,0
2,Hawk,Hawksuit,1,1,0,0,Constitution,1,Quick Sheathe,1,Good Luck,1,,0,,0
3,Hawk,Hawk Gloves,0,1,0,0,Speed Eating,1,Quick Sheathe,2,Weakness Exploit,1,,0,,0
4,Hawk,Hawkcoil,3,0,0,0,Speed Eating,2,Constitution,2,,0,,0,,0
5,Hawk,Hawkboots,1,1,0,0,Capture Master,1,Good Luck,1,Weakness Exploit,1,,0,,0
1,Lecturer,Lecturer's Hood,1,0,0,0,Constitution,2,Weakness Exploit,1,Good Luck,1,,0,,0
2,Lecturer,Lecturer's Suit,1,1,0,0,Constitution,1,Quick Sheathe,1,Good Luck,1,,0,,0
3,Lecturer,Lecturer Gloves,0,1,0,0,Speed Eating,1,Quick Sheathe,2,Weakness Exploit,1,,0,,0
4,Lecturer,Lecturer's Skirt,3,0,0,0,Speed Eating,2,Constitution,2,,0,,0,,0
5,Lecturer,Lecturer's Boots,1,1,0,0,Capture Master,1,Good Luck,1,Weakness Exploit,1,,0,,0
1,Dignified,Dignified Earrings,1,0,0,0,Focus,2,Power Prolonger,2,Evade Extender,1,,0,,0
2,Dignified,Dignified Jacket,1,1,0,0,Rapid Morph,1,Evade Window,1,Evade Extender,2,,0,,0
3,Dignified,Dignified Gloves,0,0,1,0,Rapid Morph,1,Evade Window,2,Razor Sharp,1,,0,,0
4,Dignified,Dignified Cuisse,0,0,1,0,Focus,1,Evade Window,2,Razor Sharp,1,,0,,0
5,Dignified,Dignified Greaves,0,0,0,1,Rapid Morph,1,Power Prolonger,1,Razor Sharp,1,,0,,0
1,Barbania,Barbania Patch,0,0,1,0,Weakness Exploit,1,Capture Master,1,Resentment,2,,0,,0
2,Barbania,Barbania Vest,1,2,0,0,Partbreaker,1,Counterstrike,1,Resentment,1,,0,,0
3,Barbania,Barbania Gloves,2,1,0,0,Weakness Exploit,1,Partbreaker,1,Good Luck,1,,0,,0
4,Barbania,Barbania Belt,2,1,0,0,Weakness Exploit,1,Counterstrike,1,Good Luck,1,,0,,0
5,Barbania,Barbania Boots,0,0,1,0,Partbreaker,1,Counterstrike,1,Good Luck,1,,0,,0
1,Snowshear,Snowshear Headgear,0,1,0,0,Grinder (S),1,Stamina Thief,1,Attack Boost,2,,0,,0
2,Snowshear,Snowshear Mail,1,0,0,1,Tremor Resistance,1,Stamina Thief,1,Attack Boost,1,,0,,0
3,Snowshear,Snowshear Braces,3,0,0,0,Recovery Speed,3,Latent Power,2,Attack Boost,1,,0,,0
4,Snowshear,Snowshear Coil,0,0,1,0,Tremor Resistance,2,Stamina Thief,1,Attack Boost,1,,0,,0
5,Snowshear,Snowshear Greaves,0,1,0,0,Grinder (S),1,Latent Power,1,Attack Boost,2,,0,,0
1,Grand God's Peer,Grand God's Peer Mask,1,0,0,1,Heroics,2,Maximum Might,1,,0,,0,,0
2,Grand God's Peer,Grand God's Peer Robe,0,0,1,0,Heroics,1,Maximum Might,1,Latent Power,2,,0,,0
3,Grand God's Peer,Grand God's Peer Arms,1,0,0,1,Heroics,1,Latent Power,2,,0,,0,,0
4,Grand God's Peer,Grand God's Peer Belt,0,0,0,1,Heroics,1,Critical Boost,1,Maximum Might,1,,0,,0
5,Grand God's Peer,Grand God's Peer Feet,3,0,0,0,Critical Boost,2,Latent Power,1,Flinch Free,2,,0,,0
1,Bazelgeuse X,Bazelgeuse Helm X,0,0,1,0,Artillery,1,Guard,2,Razor Sharp,1,,0,,0
2,Bazelgeuse X,Bazelgeuse Mail X,2,0,0,0,Guard Up,2,Agitator,2,Razor Sharp,1,,0,,0
3,Bazelgeuse X,Bazelgeuse Braces X,0,2,0,0,Guard Up,1,Guard,1,Agitator,2,,0,,0
4,Bazelgeuse X,Bazelgeuse Coil X,0,2,0,0,Load Shells,2,Guard,1,Razor Sharp,1,,0,,0
5,Bazelgeuse X,Bazelgeuse Greaves X,0,0,1,0,Artillery,2,Guard,1,Agitator,1,,0,,0
1,Damascus X,Damascus Helm X,1,0,0,0,Tremor Resistance,2,Earplugs,2,,0,,0,,0
2,Damascus X,Damascus Mail X,1,1,0,0,Tremor Resistance,1,Handicraft,2,Pierce Up,2,,0,,0
3,Damascus X,Damascus Vambraces X,1,1,0,0,Earplugs,2,Blight Resistance,1,,0,,0,,0
4,Damascus X,Damascus Coil X,0,1,0,0,Earplugs,1,Handicraft,1,Pierce Up,1,Blight Resistance,1,,0
5,Damascus X,Damascus Greaves X,0,0,1,0,Handicraft,2,Ammo Up,2,Blight Resistance,1,,0,,0
1,Kushala X,Kushala Glare X,0,0,0,1,Handicraft,2,Normal/Rapid Up,2,,0,,0,,0
2,Kushala X,Kushala Cista X,0,2,0,0,Recovery Speed,3,Handicraft,2,Ammo Up,2,,0,,0
3,Kushala X,Kushala Grip X,1,0,0,0,Kushala Blessing,2,Agitator,2,,0,,0,,0
4,Kushala X,Kushala Cocoon X,0,1,0,0,Kushala Blessing,1,Agitator,3,,0,,0,,0
5,Kushala X,Kushala Crus X,1,0,0,1,Kushala Blessing,1,Handicraft,1,Normal/Rapid Up,1,,0,,0
1,Grand Mizuha,Grand Mizuha Cap,0,0,0,1,Mind's Eye,2,Ballistics,2,Foray,1,,0,,0
2,Grand Mizuha,Grand Mizuha Guards,2,1,0,0,Mind's Eye,1,Ballistics,1,Evade Window,3,,0,,0
3,Grand Mizuha,Grand Mizuha Sleeves,0,2,0,0,Chameleos Blessing,1,Poison Attack,2,Evade Window,2,,0,,0
4,Grand Mizuha,Grand Mizuha Sash,3,0,0,0,Chameleos Blessing,1,Peak Performance,2,Foray,1,,0,,0
5,Grand Mizuha,Grand Mizuha Leg Wrap,0,1,0,0,Chameleos Blessing,2,Peak Performance,1,Poison Attack,1,,0,,0
1,Kaiser X,Kaiser Crown X,3,0,0,0,Critical Eye,3,Critical Boost,1,,0,,0,,0
2,Kaiser X,Kaiser Mail X,2,0,0,0,Critical Eye,2,Master's Touch,2,Ballistics,2,,0,,0
3,Kaiser X,Kaiser Vambraces X,0,0,1,0,Teostra Blessing,1,Critical Eye,1,Critical Boost,1,,0,,0
4,Kaiser X,Kaiser Coil X,0,0,1,0,Teostra Blessing,2,Critical Eye,1,,0,,0,,0
5,Kaiser X,Kaiser Greaves X,1,1,0,0,Teostra Blessing,1,Master's Touch,1,Critical Boost,1,,0,,0
1,Arc,Arc Helm,0,0,1,0,Bloodlust,1,Coalescence,2,,0,,0,,0
2,Arc,Arc Mail,0,1,0,0,Bloodlust,1,Resuscitate,2,Critical Element,1,,0,,0
3,Arc,Arc Vambraces,0,0,0,1,Critical Element,2,Resuscitate,1,,0,,0,,0
4,Arc,Arc Coil,0,0,0,1,Coalescence,1,Razor Sharp,2,Spare Shot,2,,0,,0
5,Arc,Arc Greaves,0,1,1,0,Bloodlust,1,Razor Sharp,1,Spare Shot,1,,0,,0
1,Storge,Storge Helm,0,0,1,0,Bloodlust,1,Coalescence,2,,0,,0,,0
2,Storge,Storge Mail,0,1,0,0,Bloodlust,1,Resuscitate,2,Critical Element,1,,0,,0
3,Storge,Storge Vambraces,0,0,0,1,Critical Element,2,Resuscitate,1,,0,,0,,0
4,Storge,Storge Coil,0,0,0,1,Coalescence,1,Razor Sharp,2,Spare Shot,2,,0,,0
5,Storge,Storge Greaves,0,1,1,0,Bloodlust,1,Razor Sharp,1,Spare Shot,1,,0,,0
1,Malzeno,Malzeno Helm,0,2,0,0,Weakness Exploit,1,Wirebug Whisperer,2,,0,,0,,0
2,Malzeno,Malzeno Mail,1,1,0,0,Blood Rite,1,Weakness Exploit,1,Partbreaker,1,,0,,0
3,Malzeno,Malzeno Braces,0,0,0,1,Wirebug Whisperer,1,Attack Boost,2,Blight Resistance,1,,0,,0
4,Malzeno,Malzeno Coil,2,0,0,0,Blood Rite,2,Partbreaker,1,Attack Boost,1,,0,,0
5,Malzeno,Malzeno Greaves,2,0,0,1,Blight Resistance,2,Weakness Exploit,1,Attack Boost,1,,0,,0
1,Professor,Professor's Goggles,3,0,0,0,Recovery Speed,3,Earplugs,2,,0,,0,,0
2,Professor,Professor's Jacket,2,0,0,0,Earplugs,3,Hunger Resistance,1,,0,,0,,0
3,Professor,Professor's Mittens,1,2,0,0,Divine Blessing,3,Hunger Resistance,1,,0,,0,,0
4,Professor,Professor's Bottoms,1,2,0,0,Tremor Resistance,3,Flinch Free,2,,0,,0,,0
5,Professor,Professor's Boots,1,0,0,1,Marathon Runner,3,Hunger Resistance,1,,0,,0,,0
1,Charité,Charité Barrette,3,0,0,0,Recovery Speed,3,Earplugs,2,,0,,0,,0
2,Charité,Charité Jacket,2,0,0,0,Earplugs,3,Hunger Resistance,1,,0,,0,,0
3,Charité,Charité Gloves,1,2,0,0,Divine Blessing,3,Hunger Resistance,1,,0,,0,,0
4,Charité,Charité Skirt,1,2,0,0,Tremor Resistance,3,Flinch Free,2,,0,,0,,0
5,Charité,Charité Boots,1,0,0,1,Marathon Runner,3,Hunger Resistance,1,,0,,0,,0
1,Scholarly,Scholarly Hood,0,0,0,1,Wide-Range,3,Capture Master,1,,0,,0,,0
2,Scholarly,Scholarly Suit,1,2,0,0,Blight Resistance,3,Free Meal,1,,0,,0,,0
3,Scholarly,Scholarly Strongarm,1,2,0,0,Recovery Up,3,Free Meal,1,,0,,0,,0
4,Scholarly,Scholarly Sash,2,0,1,0,Quick Sheathe,3,Free Meal,1,,0,,0,,0
5,Scholarly,Scholarly Boots,0,1,0,0,Item Prolonger,3,Wide-Range,2,,0,,0,,0
1,Commission,Commission Gorget,0,0,0,1,Constitution,3,Recovery Speed,1,,0,,0,,0
2,Commission,Commission Vest,0,2,0,0,Good Luck,2,Recovery Speed,1,,0,,0,,0
3,Commission,Commission Vambraces,3,0,0,0,Speed Eating,3,Mushroomancer,1,,0,,0,,0
4,Commission,Commission Belt,1,0,1,0,Mushroomancer,2,Recovery Speed,1,,0,,0,,0
5,Commission,Commission Trousers,0,0,0,1,Constitution,2,Good Luck,1,,0,,0,,0
1,Jelly X,Jelly Hat X,1,0,0,1,Partbreaker,1,Divine Blessing,1,Focus,1,,0,,0
2,Jelly X,Jelly Vest X,0,2,0,0,Blast Attack,2,Focus,1,Slugger,1,,0,,0
3,Jelly X,Jelly Gloves X,1,0,1,0,Divine Blessing,2,Focus,1,Slugger,1,,0,,0
4,Jelly X,Jelly Coil X,1,0,1,0,Partbreaker,2,Charge Master,2,,0,,0,,0
5,Jelly X,Jelly Boots X,1,0,0,1,Blast Attack,1,Charge Master,1,Slugger,1,,0,,0
1,Sailor,Sailor Hat,1,1,0,1,Spiribird's Call,1,,0,,0,,0,,0
2,Sailor,Sailor Suit,2,0,0,0,Evade Window,4,Wirebug Whisperer,1,,0,,0,,0
3,Sailor,Sailor Gloves,0,0,1,0,Focus,3,Wirebug Whisperer,1,,0,,0,,0
4,Sailor,Sailor Skirt,0,0,1,0,Protective Polish,3,Wirebug Whisperer,1,Ballistics,3,,0,,0
5,Sailor,Sailor Socks,0,0,1,0,Marathon Runner,3,Evade Window,1,,0,,0,,0
1,Archfiend Armor,Archfiend Armor Cerato,0,1,0,1,Weakness Exploit,1,Resentment,2,,0,,0,,0
2,Archfiend Armor,Archfiend Armor Baulo,0,1,1,0,Weakness Exploit,1,Resentment,1,Chain Crit,1,,0,,0
3,Archfiend Armor,Archfiend Armor Epine,0,0,0,1,Dereliction,2,Resentment,1,,0,,0,,0
4,Archfiend Armor,Archfiend Armor Ura,0,0,0,1,Weakness Exploit,1,Chain Crit,2,,0,,0,,0
5,Archfiend Armor,Archfiend Armor Sceros,0,2,1,0,Dereliction,1,Resentment,1,,0,,0,,0
1,Ibushi - Pure,Ibushi's Pure Helm,0,1,0,0,Wind Alignment,1,Focus,1,Evade Extender,1,Stormsoul,1,,0
2,Ibushi - Pure,Ibushi's Pure Breastplate,0,1,0,0,Wind Alignment,1,Guard,1,Flinch Free,1,Stormsoul,1,,0
3,Ibushi - Pure,Ibushi's Pure Pauldrons,0,1,0,0,Wind Alignment,1,Constitution,1,Stamina Surge,1,Stormsoul,1,,0
4,Ibushi - Pure,Ibushi's Pure Fauld,0,1,0,0,Wind Alignment,1,Power Prolonger,1,Evade Window,1,Stormsoul,1,,0
5,Ibushi - Pure,Ibushi's Pure Foot,0,1,0,0,Wind Alignment,1,Slugger,1,Guard Up,1,Stormsoul,1,,0
1,Narwa - Pure,Narwa's Pure Helm,0,1,0,0,Thunder Alignment,1,Rapid Morph,1,Offensive Guard,1,Stormsoul,1,,0
2,Narwa - Pure,Narwa's Pure Breastplate,0,1,0,0,Thunder Alignment,1,Constitution,1,Critical Draw,1,Stormsoul,1,,0
3,Narwa - Pure,Narwa's Pure Pauldrons,0,1,0,0,Thunder Alignment,1,Guard,1,Partbreaker,1,Stormsoul,1,,0
4,Narwa - Pure,Narwa's Pure Fauld,0,1,0,0,Thunder Alignment,1,Guard,1,Artillery,1,Stormsoul,1,,0
5,Narwa - Pure,Narwa's Pure Foot,0,1,0,0,Thunder Alignment,1,Evade Window,1,Marathon Runner,1,Stormsoul,1,,0
1,Crimson Valstrax - Eclipse,Valstrax Helm - Eclipse,2,0,0,1,Dragonheart,1,Weakness Exploit,1,,0,,0,,0
2,Crimson Valstrax - Eclipse,Valstrax Mail - Eclipse,1,0,0,1,Dragonheart,1,Resuscitate,2,,0,,0,,0
3,Crimson Valstrax - Eclipse,Valstrax Braces - Eclipse,0,0,0,1,Dragonheart,1,Weakness Exploit,2,,0,,0,,0
4,Crimson Valstrax - Eclipse,Valstrax Coil - Eclipse,1,1,0,0,Dragonheart,1,Resuscitate,1,Resentment,2,,0,,0
5,Crimson Valstrax - Eclipse,Valstrax Greaves - Eclipse,1,0,1,0,Dragonheart,1,Resentment,3,,0,,0,,0
1,Grand Divine Ire,Divine Ire Mask,3,0,0,0,Furious,1,Critical Eye,1,Razor Sharp,2,Spare Shot,2,,0
2,Grand Divine Ire,Divine Ire Haori,0,0,1,0,Chain Crit,1,Maximum Might,2,Evade Extender,1,,0,,0
3,Grand Divine Ire,Divine Ire Kote,0,0,0,1,Furious,1,Critical Eye,2,,0,,0,,0
4,Grand Divine Ire,Divine Ire Obi,0,0,1,0,Chain Crit,1,Critical Element,2,Razor Sharp,1,Spare Shot,1,,0
5,Grand Divine Ire,Holy Ire Hakama,0,0,0,1,Furious,1,Evade Extender,2,,0,,0,,0
1,Sinister Grudge,Sinister Grudge Helm,0,0,1,0,Hellfire Cloak,2,Coalescence,2,Redirection,1,,0,,0
2,Sinister Grudge,Sinister Grudge Garb,1,0,0,1,Mail of Hellfire,1,Wirebug Whisperer,2,,0,,0,,0
3,Sinister Grudge,Sinister Grudge Gauntlets,0,1,1,0,Mail of Hellfire,1,Counterstrike,1,Redirection,1,,0,,0
4,Sinister Grudge,Sinister Grudge Tassets,1,1,0,1,Mail of Hellfire,1,Coalescence,1,,0,,0,,0
5,Sinister Grudge,Sinister Grudge Greaves,0,0,0,1,Hellfire Cloak,2,Counterstrike,2,Wirebug Whisperer,1,,0,,0
1,Base Commander,Outpost HQ Earrings,0,1,0,0,Wide-Range,3,Focus,3,,0,,0,,0
2,Base Commander,Outpost HQ Armor,0,0,2,0,Charge Master,1,Critical Draw,1,,0,,0,,0
3,Base Commander,Outpost HQ Braces,1,0,0,1,Charge Master,2,Quick Sheathe,1,,0,,0,,0
4,Base Commander,Outpost HQ Belt,0,0,0,1,Punishing Draw,3,Quick Sheathe,1,,0,,0,,0
5,Base Commander,Outpost HQ Greaves,0,2,0,0,Critical Draw,2,Quick Sheathe,1,,0,,0,,0
1,Base Commander,Outpost HQ Earrings,0,1,0,0,Wide-Range,3,Focus,3,,0,,0,,0
2,Base Commander,Outpost HQ Armor,0,0,2,0,Charge Master,1,Critical Draw,1,,0,,0,,0
3,Base Commander,Outpost HQ Braces,1,0,0,1,Charge Master,2,Quick Sheathe,1,,0,,0,,0
4,Base Commander,Outpost HQ Belt,0,0,0,1,Punishing Draw,3,Quick Sheathe,1,,0,,0,,0
5,Base Commander,Outpost HQ Greaves,0,2,0,0,Critical Draw,2,Quick Sheathe,1,,0,,0,,0
1,Soaring Feather,Soaring Feather,0,0,0,1,Wirebug Whisperer,3,Wall Runner (Boost),1,,0,,0,,0
0,,,0,0,0,0,,0,,0,,0,,0,,0
0,,,0,0,0,0,,0,,0,,0,,0,,0
0,,,0,0,0,0,,0,,0,,0,,0,,0
0,,,0,0,0,0,,0,,0,,0,,0,,0
1,Blessed Feather,Blessed Feather,0,1,0,0,Good Luck,3,,0,,0,,0,,0
0,,,0,0,0,0,,0,,0,,0,,0,,0
0,,,0,0,0,0,,0,,0,,0,,0,,0
0,,,0,0,0,0,,0,,0,,0,,0,,0
0,,,0,0,0,0,,0,,0,,0,,0,,0
1,Guild Palace,Guild Palace Helm,0,0,1,0,Agitator,1,Offensive Guard,2,,0,,0,,0
2,Guild Palace,Guild Palace Mail,0,0,0,1,Agitator,2,Heroics,1,,0,,0,,0
3,Guild Palace,Guild Palace Braces,0,0,0,1,Agitator,2,Coalescence,1,Wall Runner (Boost),1,,0,,0
4,Guild Palace,Guild Palace Coil,1,0,1,0,Heroics,2,Offensive Guard,1,,0,,0,,0
5,Guild Palace,Guild Palace Greaves,0,0,1,0,Heroics,2,Coalescence,2,,0,,0,,0
1,Harp Crown,Harp Crown,0,0,0,0,,0,,0,,0,,0,,0
0,,,0,0,0,0,,0,,0,,0,,0,,0
0,,,0,0,0,0,,0,,0,,0,,0,,0
0,,,0,0,0,0,,0,,0,,0,,0,,0
0,,,0,0,0,0,,0,,0,,0,,0,,0
1,Azure,Azure Headgear,0,0,0,0,,0,,0,,0,,0,,0
2,Azure,Azure Jacket,0,0,0,0,,0,,0,,0,,0,,0
3,Azure,Azure Braces,0,0,0,0,,0,,0,,0,,0,,0
4,Azure,Azure Faulds,0,0,0,0,,0,,0,,0,,0,,0
5,Azure,Azure Greaves,0,0,0,0,,0,,0,,0,,0,,0
1,Ethereal Diadem,Ethereal Diadem,0,0,0,0,,0,,0,,0,,0,,0
0,,,0,0,0,0,,0,,0,,0,,0,,0
0,,,0,0,0,0,,0,,0,,0,,0,,0
0,,,0,0,0,0,,0,,0,,0,,0,,0
0,,,0,0,0,0,,0,,0,,0,,0,,0
1,Relunea,Relunea Glasses,0,0,0,0,,0,,0,,0,,0,,0
2,Relunea,Relunea Jacket,0,0,0,0,,0,,0,,0,,0,,0
0,,,0,0,0,0,,0,,0,,0,,0,,0
0,,,0,0,0,0,,0,,0,,0,,0,,0
5,Relunea,Relunea Bottom,0,0,0,0,,0,,0,,0,,0,,0
1,Dragonsbane,Dragonsbane Headwear,0,0,0,0,,0,,0,,0,,0,,0
2,Dragonsbane,Dragonsbane Jacket,0,0,0,0,,0,,0,,0,,0,,0
3,Dragonsbane,Dragonsbane Gauntlets,0,0,0,0,,0,,0,,0,,0,,0
4,Dragonsbane,Dragonsbane Belt,0,0,0,0,,0,,0,,0,,0,,0
5,Dragonsbane,Dragonsbane Greaves,0,0,0,0,,0,,0,,0,,0,,0
1,Formal Dragon,Formal Dragon Barrette,0,0,0,0,,0,,0,,0,,0,,0
2,Formal Dragon,Formal Dragon Jacket,0,0,0,0,,0,,0,,0,,0,,0
3,Formal Dragon,Formal Dragon Gauntlets,0,0,0,0,,0,,0,,0,,0,,0
4,Formal Dragon,Formal Dragon Belt,0,0,0,0,,0,,0,,0,,0,,0
5,Formal Dragon,Formal Dragon Greaves,0,0,0,0,,0,,0,,0,,0,,0
1,Black Belt S,Black Belt Helm S,0,0,0,0,Attack Boost,1,Earplugs,1,Recovery Up,1,,0,,0
2,Black Belt S,Black Belt Mail S,1,0,0,0,Attack Boost,1,Earplugs,1,,0,,0,,0
3,Black Belt S,Black Belt Braces S,0,0,0,0,Attack Boost,1,Recovery Up,1,Constitution,1,,0,,0
4,Black Belt S,Black Belt Tassets S,0,1,0,0,Earplugs,1,Constitution,2,,0,,0,,0
5,Black Belt S,Black Belt Greaves S,0,0,0,0,Attack Boost,1,Flinch Free,1,Recovery Up,1,,0,,0
0,,,0,0,0,0,,0,,0,,0,,0,,0
2,Elgado,Elgado Vest,0,0,0,0,,0,,0,,0,,0,,0
0,,,0,0,0,0,,0,,0,,0,,0,,0
0,,,0,0,0,0,,0,,0,,0,,0,,0
5,Elgado,Elgado Pants,0,0,0,0,,0,,0,,0,,0,,0
0,,,0,0,0,0,,0,,0,,0,,0,,0
0,,,0,0,0,0,,0,,0,,0,,0,,0
0,,,0,0,0,0,,0,,0,,0,,0,,0
0,,,0,0,0,0,,0,,0,,0,,0,,0
0,,,0,0,0,0,,0,,0,,0,,0,,0
0,,,0,0,0,0,,0,,0,,0,,0,,0
0,,,0,0,0,0,,0,,0,,0,,0,,0
0,,,0,0,0,0,,0,,0,,0,,0,,0
0,,,0,0,0,0,,0,,0,,0,,0,,0
0,,,0,0,0,0,,0,,0,,0,,0,,0
0,,,0,0,0,0,,0,,0,,0,,0,,0
0,,,0,0,0,0,,0,,0,,0,,0,,0
0,,,0,0,0,0,,0,,0,,0,,0,,0
0,,,0,0,0,0,,0,,0,,0,,0,,0
0,,,0,0,0,0,,0,,0,,0,,0,,0
0,,,0,0,0,0,,0,,0,,0,,0,,0
0,,,0,0,0,0,,0,,0,,0,,0,,0
0,,,0,0,0,0,,0,,0,,0,,0,,0
0,,,0,0,0,0,,0,,0,,0,,0,,0
0,,,0,0,0,0,,0,,0,,0,,0,,0
0,,,0,0,0,0,,0,,0,,0,,0,,0
0,,,0,0,0,0,,0,,0,,0,,0,,0
0,,,0,0,0,0,,0,,0,,0,,0,,0
0,,,0,0,0,0,,0,,0,,0,,0,,0
0,,,0,0,0,0,,0,,0,,0,,0,,0
0,,,0,0,0,0,,0,,0,,0,,0,,0
0,,,0,0,0,0,,0,,0,,0,,0,,0
0,,,0,0,0,0,,0,,0,,0,,0,,0
0,,,0,0,0,0,,0,,0,,0,,0,,0
0,,,0,0,0,0,,0,,0,,0,,0,,0
0,,,0,0,0,0,,0,,0,,0,,0,,0
0,,,0,0,0,0,,0,,0,,0,,0,,0
0,,,0,0,0,0,,0,,0,,0,,0,,0
0,,,0,0,0,0,,0,,0,,0,,0,,0
0,,,0,0,0,0,,0,,0,,0,,0,,0
0,,,0,0,0,0,,0,,0,,0,,0,,0
0,,,0,0,0,0,,0,,0,,0,,0,,0
0,,,0,0,0,0,,0,,0,,0,,0,,0
0,,,0,0,0,0,,0,,0,,0,,0,,0
0,,,0,0,0,0,,0,,0,,0,,0,,0
0,,,0,0,0,0,,0,,0,,0,,0,,0
0,,,0,0,0,0,,0,,0,,0,,0,,0
0,,,0,0,0,0,,0,,0,,0,,0,,0
0,,,0,0,0,0,,0,,0,,0,,0,,0
0,,,0,0,0,0,,0,,0,,0,,0,,0
0,,,0,0,0,0,,0,,0,,0,,0,,0
0,,,0,0,0,0,,0,,0,,0,,0,,0
0,,,0,0,0,0,,0,,0,,0,,0,,0
0,,,0,0,0,0,,0,,0,,0,,0,,0
0,,,0,0,0,0,,0,,0,,0,,0,,0
0,,,0,0,0,0,,0,,0,,0,,0,,0
0,,,0,0,0,0,,0,,0,,0,,0,,0
0,,,0,0,0,0,,0,,0,,0,,0,,0
0,,,0,0,0,0,,0,,0,,0,,0,,0
0,,,0,0,0,0,,0,,0,,0,,0,,0
0,,,0,0,0,0,,0,,0,,0,,0,,0
0,,,0,0,0,0,,0,,0,,0,,0,,0
0,,,0,0,0,0,,0,,0,,0,,0,,0
0,,,0,0,0,0,,0,,0,,0,,0,,0
0,,,0,0,0,0,,0,,0,,0,,0,,0
0,,,0,0,0,0,,0,,0,,0,,0,,0
0,,,0,0,0,0,,0,,0,,0,,0,,0
0,,,0,0,0,0,,0,,0,,0,,0,,0
0,,,0,0,0,0,,0,,0,,0,,0,,0
0,,,0,0,0,0,,0,,0,,0,,0,,0
0,,,0,0,0,0,,0,,0,,0,,0,,0
0,,,0,0,0,0,,0,,0,,0,,0,,0
0,,,0,0,0,0,,0,,0,,0,,0,,0
0,,,0,0,0,0,,0,,0,,0,,0,,0
0,,,0,0,0,0,,0,,0,,0,,0,,0
0,,,0,0,0,0,,0,,0,,0,,0,,0
0,,,0,0,0,0,,0,,0,,0,,0,,0
0,,,0,0,0,0,,0,,0,,0,,0,,0
0,,,0,0,0,0,,0,,0,,0,,0,,0
0,,,0,0,0,0,,0,,0,,0,,0,,0
0,,,0,0,0,0,,0,,0,,0,,0,,0
0,,,0,0,0,0,,0,,0,,0,,0,,0
0,,,0,0,0,0,,0,,0,,0,,0,,0
0,,,0,0,0,0,,0,,0,,0,,0,,0
0,,,0,0,0,0,,0,,0,,0,,0,,0
0,,,0,0,0,0,,0,,0,,0,,0,,0
0,,,0,0,0,0,,0,,0,,0,,0,,0
0,,,0,0,0,0,,0,,0,,0,,0,,0
0,,,0,0,0,0,,0,,0,,0,,0,,0
0,,,0,0,0,0,,0,,0,,0,,0,,0
0,,,0,0,0,0,,0,,0,,0,,0,,0
0,,,0,0,0,0,,0,,0,,0,,0,,0
0,,,0,0,0,0,,0,,0,,0,,0,,0
0,,,0,0,0,0,,0,,0,,0,,0,,0
0,,,0,0,0,0,,0,,0,,0,,0,,0
0,,,0,0,0,0,,0,,0,,0,,0,,0
0,,,0,0,0,0,,0,,0,,0,,0,,0
0,,,0,0,0,0,,0,,0,,0,,0,,0
0,,,0,0,0,0,,0,,0,,0,,0,,0
0,,,0,0,0,0,,0,,0,,0,,0,,0
0,,,0,0,0,0,,0,,0,,0,,0,,0
0,,,0,0,0,0,,0,,0,,0,,0,,0
0,,,0,0,0,0,,0,,0,,0,,0,,0
0,,,0,0,0,0,,0,,0,,0,,0,,0
0,,,0,0,0,0,,0,,0,,0,,0,,0
0,,,0,0,0,0,,0,,0,,0,,0,,0
0,,,0,0,0,0,,0,,0,,0,,0,,0
0,,,0,0,0,0,,0,,0,,0,,0,,0
0,,,0,0,0,0,,0,,0,,0,,0,,0
0,,,0,0,0,0,,0,,0,,0,,0,,0
0,,,0,0,0,0,,0,,0,,0,,0,,0
0,,,0,0,0,0,,0,,0,,0,,0,,0
0,,,0,0,0,0,,0,,0,,0,,0,,0
0,,,0,0,0,0,,0,,0,,0,,0,,0
0,,,0,0,0,0,,0,,0,,0,,0,,0
0,,,0,0,0,0,,0,,0,,0,,0,,0
0,,,0,0,0,0,,0,,0,,0,,0,,0
0,,,0,0,0,0,,0,,0,,0,,0,,0
0,,,0,0,0,0,,0,,0,,0,,0,,0
0,,,0,0,0,0,,0,,0,,0,,0,,0
0,,,0,0,0,0,,0,,0,,0,,0,,0
0,,,0,0,0,0,,0,,0,,0,,0,,0
0,,,0,0,0,0,,0,,0,,0,,0,,0
0,,,0,0,0,0,,0,,0,,0,,0,,0
0,,,0,0,0,0,,0,,0,,0,,0,,0
0,,,0,0,0,0,,0,,0,,0,,0,,0
0,,,0,0,0,0,,0,,0,,0,,0,,0
0,,,0,0,0,0,,0,,0,,0,,0,,0
0,,,0,0,0,0,,0,,0,,0,,0,,0
0,,,0,0,0,0,,0,,0,,0,,0,,0
0,,,0,0,0,0,,0,,0,,0,,0,,0
0,,,0,0,0,0,,0,,0,,0,,0,,0
0,,,0,0,0,0,,0,,0,,0,,0,,0
0,,,0,0,0,0,,0,,0,,0,,0,,0
0,,,0,0,0,0,,0,,0,,0,,0,,0
0,,,0,0,0,0,,0,,0,,0,,0,,0
0,,,0,0,0,0,,0,,0,,0,,0,,0
0,,,0,0,0,0,,0,,0,,0,,0,,0
0,,,0,0,0,0,,0,,0,,0,,0,,0
0,,,0,0,0,0,,0,,0,,0,,0,,0
0,,,0,0,0,0,,0,,0,,0,,0,,0
0,,,0,0,0,0,,0,,0,,0,,0,,0
0,,,0,0,0,0,,0,,0,,0,,0,,0
0,,,0,0,0,0,,0,,0,,0,,0,,0
0,,,0,0,0,0,,0,,0,,0,,0,,0
0,,,0,0,0,0,,0,,0,,0,,0,,0
0,,,0,0,0,0,,0,,0,,0,,0,,0
0,,,0,0,0,0,,0,,0,,0,,0,,0
0,,,0,0,0,0,,0,,0,,0,,0,,0
0,,,0,0,0,0,,0,,0,,0,,0,,0
0,,,0,0,0,0,,0,,0,,0,,0,,0
0,,,0,0,0,0,,0,,0,,0,,0,,0
0,,,0,0,0,0,,0,,0,,0,,0,,0
0,,,0,0,0,0,,0,,0,,0,,0,,0
0,,,0,0,0,0,,0,,0,,0,,0,,0
0,,,0,0,0,0,,0,,0,,0,,0,,0
0,,,0,0,0,0,,0,,0,,0,,0,,0
0,,,0,0,0,0,,0,,0,,0,,0,,0
0,,,0,0,0,0,,0,,0,,0,,0,,0
0,,,0,0,0,0,,0,,0,,0,,0,,0
0,,,0,0,0,0,,0,,0,,0,,0,,0
0,,,0,0,0,0,,0,,0,,0,,0,,0
0,,,0,0,0,0,,0,,0,,0,,0,,0
0,,,0,0,0,0,,0,,0,,0,,0,,0
0,,,0,0,0,0,,0,,0,,0,,0,,0
1,Pride,Pride Helm,0,1,1,0,Latent Power,2,Attack Boost,1,Earplugs,1,,0,,0
2,Pride,Pride Mail,0,0,1,0,Guts,1,Attack Boost,1,Speed Eating,2,,0,,0
3,Pride,Pride Vambraces,1,0,1,0,Guts,1,Weakness Exploit,1,Earplugs,1,,0,,0
4,Pride,Pride Coil,2,1,0,0,Latent Power,3,Stamina Surge,1,Earplugs,1,,0,,0
5,Pride,Pride Greaves,0,2,0,0,Guts,1,Stamina Surge,2,Stamina Thief,3,,0,,0
1,Golden Lune,Golden Lunehelm,0,2,0,0,Status Trigger,2,Foray,1,Chain Crit,2,,0,,0
2,Golden Lune,Golden Lunemail,0,1,1,0,Defiance,2,Counterstrike,2,Divine Blessin,3,,0,,0
3,Golden Lune,Golden Lunebraces,1,1,0,1,Critical Boost,1,Peak Performance,1,Chain Crit,1,,0,,0
4,Golden Lune,Golden Lunecoil,0,1,1,0,Status Trigger,1,Foray,1,Evade Window,2,,0,,0
5,Golden Lune,Golden Lunegreaves,0,1,0,1,Defiance,3,Peak Performance,2,Recovery Up,2,,0,,0
1,Silver Sol,Silver Solhelm,2,0,0,1,Critical Boost,2,Critical Element,1,Windproof,3,,0,,0
2,Silver Sol,Silver Solmail,1,0,1,1,Element Exploit,1,Critical Element,1,Fire Attack,3,,0,,0
3,Silver Sol,Silver Solbraces,2,0,0,1,Element Exploit,1,Critical Element,1,Constitution,2,,0,,0
4,Silver Sol,Silver Solcoil,2,1,0,0,Element Exploit,1,Redirection,1,Constitution,3,,0,,0
5,Silver Sol,Silver Solgreaes,1,2,0,0,Critical Boost,1,Redirection,1,Maximum Might,2,,0,,0
1,Lucent Narga,Lambent Casque,2,0,1,0,Handicraft,1,Ammo Up,1,Agitator,3,,0,,0
2,Lucent Narga,Lambent Hauberk,1,0,1,0,Sneak Attack,1,Critical Boost,1,Agitator,2,,0,,0
3,Lucent Narga,Lambent Wristrays,0,2,0,0,Adrenaline Rush,2,Evade Window,3,,0,,0,,0
4,Lucent Narga,Lambent Sash,2,0,1,0,Sneak Attack,1,Handicraft,2,Spread Up,2,,0,,0
5,Lucent Narga,Lambent Gaiters,0,0,1,0,Sneak Attack,1,Adrenalie Rush,1,Handicraft,2,Ammo Up,2,,0
1,NONE,NONE,0,0,0,0,,0,,0,,0,,0,,0